№;Название;Описание;Цена;Описание к цене;Изображение;Дополнительное изображение
1;Hoya Alagensis;Форма роста лиана. Растение нуждается в опоре.  Темп роста выше среднего. Листься  ярко-зелёные, вытянутые, около 8-10см, несуккулентные. Отлично растёт на северных и восточных окнах. Полив по мере просыхания.Не терпит пересушку. Цветы собраны крупный зонтик. Приятно пахнут;120;Цена указана за один укоренённый узел. Возможно приобретение сорта в виде свежесрезанного черенка. Цену на срезку уточняйте ;alagensis.jpg;alagensis.jpg
;Hoya Albiflora;Форма роста лиана. Растение нуждается в опоре. Темп роста быстрый. Лстья сукккулентные около 15см, ширина около 6см.Цветы восковые, белые, 3-4см. В цветочном зонтике 15-20 штук. Цветы пахнут мускусом. Требует высокой влажности. Нуждается в хорошем освещении. Редкий сорт!;150;Цена указана за один укоренённый узел. Возможно приобретение сорта в виде свежесрезанного черенка. Цену на срезку уточняйте ;albiflora.jpg;albiflora.jpg
;Hoya Aldrichi;Форма роста лиана. Растение нуждается в опоре.  Темп роста быстрый.Листья насыщенно зелёного цвета, кожистые, овальные, около 7см. Нуждается в ярком рассеянном свете. Подходит новичку.;100;Цена указана за один укоренённый узел. Возможно приобретение сорта в виде свежесрезанного черенка. Цену на срезку уточняйте ;aldrichii.jpg;aldrichii.jpg
;Hoya Archboldiana "YM Exellent";Форма роста лиана. Растение нуждается в опоре. Темп роста быстрый. Листья около 15 см, молодые насыщенно виннго цвета, с возрастом зеленеют. Цветы крупные, около 2,5см, собраны в рыхлый цветочный зонтик. Нуждается в ярком освещении. Переносит частичную просушку грунта.;150;Цена указана за один укоренённый узел. Возможно приобретение сорта в виде свежесрезанного черенка. Цену на срезку уточняйте ;archiboldiana_exelent.jpg;archiboldiana_exelent.jpg
;Hoya Archiboldiana Pink;Форма роста лиана. Растение нуждается в опоре. Темп роста быстрый. Листья около 10-15 см,зелёные. Цветы крупные, около 2,5см, собраны в рыхлый цветочный зонтик. Нуждается в ярком освещении. Переносит частичную просушку грунта. Подходит новичку.;100;Цена указана за один укоренённый узел. Возможно приобретение сорта в виде свежесрезанного черенка. Цену на срезку уточняйте ;archiboldiana_pink.jpg;archiboldiana_pink.jpg
;Hoya Archiboldiana White;Форма роста лиана. Растение нуждается в опоре. Темп роста быстрый. Листья около 10-15 см,зелёные. Цветы крупные, около 2,5см, собраны в рыхлый цветочный зонтик. Нуждается в ярком освещении. Переносит частичную просушку грунта.;100;Цена указана за один укоренённый узел. Возможно приобретение сорта в виде свежесрезанного черенка. Цену на срезку уточняйте ;archiboldiana_white.jpg;archiboldiana_white.jpg
;Hoya Australis " Lisa ";Форма роста лиана/куст. Растение нуждается в опоре. Темп роста выше среднего.Листья глянцевые, около 4см, насыщенно-зелёные с кремово-белым краем. Молодые листья красные или розовые. Цветы собраны в довольно крупный, рыхлый зонтик. Приятно пахнут. Растение теплолюбиво, нуждается в ярком рассеяном свете. Плоив по мере просыхания грунта.Подходит новичку.;55;Цена указана за один укоренённый узел. Возможно приобретение сорта в виде свежесрезанного черенка. Цену на срезку уточняйте ;australis.jpg;australis.jpg
;Hoya Australis albomarginata;Форма роста лиана/куст. Растение нуждается в опоре. Темп роста средний. Листья глянцевые, около 5-6см, насыщенно-зелёные с салатовыми, жёлтыми и розовыми участками. Молодые листья красные или розовые. Цветы собраны в довольно крупный, рыхлый зонтик. Приятно пахнут. Растение теплолюбиво, нуждается в ярком рассеяном свете. Плоив по мере просыхания грунта. Подходит новичку.;60;Цена указана за один укоренённый узел. Возможно приобретение сорта в виде свежесрезанного черенка. Цену на срезку уточняйте ;australis_alba.jpg;australis_alba.jpg
;Hoya Balaensis "Hara Bara";Форма роста лиана. Растение нуждается в опоре.  Темп роста  быстрый. Листья около 8см, округлые с заострённым кончиком, фактурные. Нуждается в ярком освещении без прямых солнечных лучей, полив без сильных просушек. От интенсивности освещения зависит количество серебряного крапа. Подходит новичку.;150;Цена указана за один укоренённый узел. Возможно приобретение сорта в виде свежесрезанного черенка. Цену на срезку уточняйте ;balaensis_h_b.jpg;balaensis_h_b.jpg
;Hoya Balaensis splash;Форма роста лиана. Растение нуждается в опоре. Темп роста  быстрый. Листья около 8см, округлые с заострённым кончиком,. Нуждается в ярком освещении без прямых солнечных лучей, полив без сильных просушек. От интенсивности освещения зависит количество  крапа. Под лампами крап розовеет. Подходит новичку.;180;Цена указана за один укоренённый узел. Возможно приобретение сорта в виде свежесрезанного черенка. Цену на срезку уточняйте ;balaensis_splash.jpg;balaensis_splash.jpg
;Hoya Benguetensis;Форма роста лиана. Растение нуждается в опоре. Темп роста средний. Листья около 7см, вытянутые, кожистые, при интенсивном освещении и под лампами приобретают бордовый оттенок. Переносит частичную просушку грунта. Соцветия собраны в рыхлый цветочный зонтик, окраска цветов варьируется в разных оттенках оранжевого.Цветы выделяют нектар.;100;Цена указана за один укоренённый узел. Возможно приобретение сорта в виде свежесрезанного черенка. Цену на срезку уточняйте ;benguetensis.jpg;benguetensis.jpg
;Hoya Blashernaezii;Форма роста лиана. Растение нуждается в опоре. Темп роста выше среднего. Размер листье от 10 до 20см, ширина  4-5см. В цветочном зонтике 15-30 колоколовидных, бледно-жёлтых цветов, диаметром 1,5см. Цветы приятно пахнут. Не терпит пересушку! Нуждается в притенении. Подходит новичку.;75;Цена указана за один укоренённый узел. Возможно приобретение сорта в виде свежесрезанного черенка. Цену на срезку уточняйте ;blashernaezii.jpg;blashernaezii.jpg
;Hoya Brevialata splash;Форма роста лиана. Растение нуждается в опоре. Темп роста средний. Листья 4-7 см, шириной около 2 см. Полив умеренный, предпочитает повышенную влажность воздуха. Цветение длиться около 7 дней, цветы приятно пахнут.;100;Цена указана за один укоренённый узел. Возможно приобретение сорта в виде свежесрезанного черенка. Цену на срезку уточняйте ;brevialata.jpg;brevialata.jpg
;Hoya Buotii;Форма роста лиана. Растение нуждается в опоре. Темп роста выше среднего. Листья тонкие, травянисто-зелёные, около 6 см. Цветы сльно опушеные, золотисто-жёлтые. Растение нужно беречь от прямого солнца. Подходит новичку.;65;Цена указана за один укоренённый узел. Возможно приобретение сорта в виде свежесрезанного черенка. Цену на срезку уточняйте ;buotii.jpg;buotii.jpg
;Hoya Callistophylla;Форма роста лиана. Растение нуждается в опоре. Темп роста средний. Листья светло-зелёные, с красивыми контрастными жилками. Предпочитает регулярную температуру 20-25градусов. Полив обильный, зимой умеренный.Нуждается в повышенной влажности.;100;Цена указана за один укоренённый узел. Возможно приобретение сорта в виде свежесрезанного черенка. Цену на срезку уточняйте ;callistophylla.jpg;callistophylla.jpg
;Hoya Callistophylla short leaves form;Форма роста лиана. Растение нуждается в опоре. Темп роста средний. Листья светло-зелёные, с  контрастным тёмно-зелёным жилкованием. Предпочитает регулярную температуру 20-25градусов. Полив обильный, зимой умеренный.Нуждается в повышенной влажности.;120;Цена указана за один укоренённый узел. Возможно приобретение сорта в виде свежесрезанного черенка. Цену на срезку уточняйте ;callistophylla_short.jpg;callistophylla.jpg
;Hoya Callistophylla UT158;Форма роста лиана. Растение нуждается в опоре. Темп роста средний. Лстья очень эффектные, около 20см,салатового цвета с тёмно-зелёным рисунком. Край взрослого листа волнистый. Полив умеренный. Нуждается в притенении.;200;Цена указана за один укоренённый узел. Возможно приобретение сорта в виде свежесрезанного черенка. Цену на срезку уточняйте ;callistophylla_ut158.jpg;callistophylla_ut158.jpg
;Hoya Carmelae;Форма роста ампель/лиана. Растение нуждается в опоре. Темп роста средний. Листья мелкие, округлые, около 1.5см, на солнечном месте листья приобретают свекольный оттенок. Полив по мере высыханя.;70;Цена указана за один укоренённый узел. Возможно приобретение сорта в виде свежесрезанного черенка. Цену на срезку уточняйте ;carmelae.jpg;carmelae.jpg
;Hoya Carnosa cv. "Brazil";Форма роста лиана. Растение нуждается в опоре. Темп роста быстрый. Листья около 5см, волнистые, центр листа окрашена в яркий кремово-жёотый цвет, по краю зелёный кант. Цветочный зонтик довольно крупный, цветы приятно пахнут. Не любит пересушек. Подходит новичку.;70;Цена указана за один укоренённый узел. Возможно приобретение сорта в виде свежесрезанного черенка. Цену на срезку уточняйте ;carnosa_brazil.jpg;carnosa_brazil.jpg
;Hoya Carnosa cv. "Medio-picta aurea";Форма роста лиана. Растение нуждается в опоре. Темп роста быстрый. Листья около 5см, волнистые, практически вся поверхность листа окрашена в кремовые тона, по краю зелёный кант. Цветочный зонтик довольно крупный, цветы приятно пахнут. Не любит пересушек. Подходит новичку.;70;временно нет;carnosa_mediopicta.jpg;carnosa.jpg
;Hoya Carnosa cv. Suzi Q;;180;Цена указана за один укоренённый узел. Возможно приобретение сорта в виде свежесрезанного черенка. Цену на срезку уточняйте ;carnosa_suzi_q.jpg;carnosa.jpg
;Hoya Carnosa "Exotika";Форма роста лиана. Растение нуждается в опоре. Темп роста быстрый. Листья около 7см, волнистые, центр листа окрашен в жёлтый с розовым. Цветочный зонтик крупный, цветы приятно пахнут. Не любит пересушек. Подходит новичку.;40;Цена указана за один укоренённый узел. Возможно приобретение сорта в виде свежесрезанного черенка. Цену на срезку уточняйте ;carnosa_exotika.jpg;carnosa_exotika.jpg
;Hoya Carnosa "Grey Ghost";Форма роста лиана. Растение нуждается в опоре. Темп роста средний. Лстья очень эффектного цвета - полностью серебряного цвета, может присутствовать опушение. Освещение яркое, без прямых солнечных лучей. Полив умеренный.;350;Цена указана за один укоренённый узел. Возможно приобретение сорта в виде свежесрезанного черенка. Цену на срезку уточняйте ;carnosa_g_g.jpg;unknown_pic.jpg
;Hoya Carnosa "Grey Ghost" 1;Форма роста лиана. Растение нуждается в опоре. Темп роста средний. Лстья как буд-то седые, может присутствовать опушение. Освещение яркое, без прямых солнечных лучей. Полив умеренный.;350;Цена указана за один укоренённый узел. Возможно приобретение сорта в виде свежесрезанного черенка. Цену на срезку уточняйте ;carnosa_g_g1.jpg;unknown_pic.jpg
;hoya Carnosa "Holliana";;-;Цена указана за один укоренённый узел. Возможно приобретение сорта в виде свежесрезанного черенка. Цену на срезку уточняйте ;carnosa_holliana.jpg;carnosa_holliana.jpg
;Hoya Carnosa "Krimson queen";Форма роста лиана. Растение нуждается в опоре. Темп роста быстрый.  Листья около 7 см, край белый, у молодых листьев - ярко-розовый. Подходит новичку.;40;Цена указана за один укоренённый узел. Возможно приобретение сорта в виде свежесрезанного черенка. Цену на срезку уточняйте ;carnosa_k_q.jpg;carnosa_k_q.jpg
;Hoya Carnosa variegated;Форма роста лиана. Растение нуждается в опоре. Темп роста быстрый.  Листья около 6 см, край белый, у молодых листьев - розовый. Форма более округлая, чем у сорта Krimson queen. Подходит новичку.;40;Цена указана за один укоренённый узел. Возможно приобретение сорта в виде свежесрезанного черенка. Цену на срезку уточняйте ;carnosa_var.jpg;carnosa_var.jpg
;Hoya Caudata green ;Форма роста лиана. Растение нуждается в опоре. Темп роста выше среднего. Листья около 8 см, узкие. Лист жёсткий, поверхность шёлковая.  Нуждается в притенении. На ярком солнце листья бледнеют. Полив умеренный.;-;временно нет;caudata_green.jpg;caudata.jpg
;Hoya Caudata big and green leaves;Форма роста лиана. Растение нуждается в опоре. Темп роста выше среднего. Листья около 17см, край волнистый, лист покрыт крупными серебряными крапом.  Молодой прирост окрашен в бронзовый. Нуждается в притенении. На ярком солне листья бледнеют. Полив умереный. Подходит новичку.;150;Цена указана за один укоренённый узел. Возможно приобретение сорта в виде свежесрезанного черенка. Цену на срезку уточняйте ;caudata_big_and_green_leaves.jpg;caudata_big_and_green_leaves.jpg
;Hoya Caudata big and green leaves(шёлковый лст);Форма роста лиана. Растение нуждается в опоре. Темп роста выше среднего. Листья около 10см, лист жёсткий, поверхность шёлковая.  Молодой прирост окрашен в бронзовый. Нуждается в притенении. На ярком солнце листья бледнеют. Полив умеренный.;85;Цена указана за один укоренённый узел. Возможно приобретение сорта в виде свежесрезанного черенка. Цену на срезку уточняйте ;caudata_big_and_green.jpg;caudata_big_and_green.jpg
;Hoya Caudata "Gold orange flowers";Форма роста лиана. Растение нуждается в опоре. Темп роста выше среднего. Листья около 12см, лист тёмно-зелёный, жёсткий, поверхность шёлковая, покрыт яркими серебряными брызгами. Нуждается в притенении. Полив умереный.;-;временно нет;caudata_gold.jpg;caudata_gold.jpg
;Hoya Caudata Silver;Форма роста лиана. Растение нуждается в опоре. Темп роста выше среднего. Листья около 15см, лист практически полностью залит серебром. Нуждается в притенении. Полив умереный.;250;Цена указана за один укоренённый узел. Возможно приобретение сорта в виде свежесрезанного черенка. Цену на срезку уточняйте ;caudata_silver.jpg;caudata_silver.jpg
;Hoya Caudata splash;Форма роста лиана. Растение нуждается в опоре. Темп роста выше среднего. Листья около 12см, лист тёмно-зелёный, жёсткий, часто покрыт серебряными брызгами. Нуждается в притенении. Полив умереный.;120;Цена указана за один укоренённый узел. Возможно приобретение сорта в виде свежесрезанного черенка. Цену на срезку уточняйте ;caudata_splash.jpg;caudata_splash.jpg
;Hoya Caudata tn99-008;Форма роста лиана. Самая мелколистная из всех caudata. Листья практически круглые, с заострённым кончиком. Полив с некоторой просушкой грунта, рассеянный свет. Подходит новичку!;-;временно нет;caudata_tn99_008.jpg;caudata_tn99_008.jpg
;Hoya Chewianum (sp. SR-40);новинка! Форма роста лиана. Растение нуждается в опоре. Темп роста быстрый. Не любит пересушки, хорошо отзывается на частые опрыскивания. Освещение без прямых солнечных лучей. Охотно и обильно цветёт.;350;Цена указана за один укоренённый узел. Возможно приобретение сорта в виде свежесрезанного черенка. Цену на срезку уточняйте ;chewianum.jpg;chewianum.jpg
;Hoya Chlorantha;Форма роста лиана. Растение нуждается в опоре. Темп роста средний. Листья тонкие, травянистые. Цветы яблочно-зелёного цвета, собраны в зонтики по 8-10штук. Не терпит пересушку. Хорошо растёт на западных окнах.;65;Цена указана за один укоренённый узел. Возможно приобретение сорта в виде свежесрезанного черенка. Цену на срезку уточняйте ;chlorantha.jpg;chlorantha.jpg
;Hoya Chlorantha var. Tutuilensis;Форма роста лиана. Растение нуждается в опоре. Темп роста средний. Листья тонкие, травянистые, молодые бордовые. Цветы с фиолетовато-бордовыми разводами, собраны в зонтики по 8-10штук. Не терпит пересушку. Хорошо растёт на западных окнах.;60;Цена указана за один укоренённый узел. Возможно приобретение сорта в виде свежесрезанного черенка. Цену на срезку уточняйте ;chlorantha_tutuilensis.jpg;chlorantha_tutuilensis.jpg
;Hoya Chuniana;Форма роста лиана. Растение нуждается в опоре. Листья около 8-10см.Темп роста выше среднего. Нуждается в притенении, предпочитает повышенную влажность. Цветение продолжается 3-4 дня, цветы приятно пахнут.;-;временно нет;chuniana.jpg;chuniana.jpg
;Hoya Cinommamifolia;Форма роста лиана. Растение нуждается в опоре. Темп роста нже среднего. Листья кожистые, с ярко выраженным жилкованием. Цветочный зонтик содержит 20-40 цветков. Цветы около 2х см, очень контрастные. Цветение длится около 5дней. Между поливами грун должен просыхать.;250;Цена указана за один укоренённый узел. Возможно приобретение сорта в виде свежесрезанного черенка. Цену на срезку уточняйте ;cinnomamifolia.jpg;cinnomamifolia.jpg
;Hoya Citrina splash;Форма роста лиана. Растение нуждается в опоре. Темп роста выше среднего. Листья около 10см, покрыты серебряным крапом. Цветы  белые, с жёлты центром, собраны в зонтик по 20-30 штук. Имеют приятный запах.;250;Цена указана за один укоренённый узел. Возможно приобретение сорта в виде свежесрезанного черенка. Цену на срезку уточняйте ;citrina_splash.jpg;citrina_splash.jpg
;Hoya Clemensiorum;Форма роста лиана. Растение нуждается в опоре. Темп роста ниже среднего. Листья крупные, жёсткие, с чётким жилкованием. ;200;Цена указана за один укоренённый узел. Возможно приобретение сорта в виде свежесрезанного черенка. Цену на срезку уточняйте ;clemensiorum.jpg;clemensiorum.jpg
;Hoya Clemensiorum Long Leaves;Форма роста лиана. Растение нуждается в опоре. Темп роста ниже среднего. Лстья очень жёсткие, около 20см. Жилкование ярко выраженое, фактурное.;300;Цена указана за один укоренённый узел. Возможно приобретение сорта в виде свежесрезанного черенка. Цену на срезку уточняйте ;clemensiorum_l_l.jpg;clemensiorum.jpg
;Hoya Coriacea;Форма роста лиана. Растение нуждается в опоре. Темп роста выше среднего. Листья около 15см, кожистые.Цветы светло-жёлтые, сильно опушеные, собраны в зонтике по 35-75 штук. Подходит новичку.;65;Цена указана за один укоренённый узел. Возможно приобретение сорта в виде свежесрезанного черенка. Цену на срезку уточняйте ;coriacea.jpg;coriacea.jpg
;Hoya Coronaria;;-;Цена указана за один укоренённый узел. Возможно приобретение сорта в виде свежесрезанного черенка. Цену на срезку уточняйте ;coronaria.jpg;coronaria.jpg
;Hoya Cumingiana;Форма роста куст/лиана. Растение нуждается в опоре. Темп роста быстрый. Лист мелкий. Цветы собраны по 10 штук, ароматные, пахнут лимоном.;60;Цена указана за укоренённый черенок в три узла. Возможно приобретение сорта в виде свежесрезанного черенка. Цену на срезку уточняйте ;cumingiana.jpg;cumingiana.jpg
;Hoya Curtisii;Форма роста лиана. Растение нуждается в опоре. Темп роста средний. Листья мелкие около 1.5см, суккулентные, серо-зелёные, покрыты крупным крапом. Цветы собраны в зонтик по 10-25 штук. Весны-осень полив обльный. Зимой содержание в прохладе.;60;Цена указана за укоренённый черенок в три узла. Возможно приобретение сорта в виде свежесрезанного черенка. Цену на срезку уточняйте ;curtisii.jpg;curtisii.jpg
;Hoya Curtisii Silver;Форма роста лиана. Растение нуждается в опоре. Темп роста средний. Листья мелкие около 1.5см, суккулентные,полностью серебряные. Цветы собраны в зонтик по 10-25 штук. Весны-осень полив обльный. Зимой содержание в прохладе.;100;Цена указана за укоренённый черенок в 3узла. Возможно приобретение сорта в виде свежесрезанного черенка. Цену на срезку уточняйте ;curtisii_silver.jpg;curtisii_silver.jpg
;Hoya Darwinii pink flowers ;;-;Цена указана за один укоренённый узел. Возможно приобретение сорта в виде свежесрезанного черенка. Цену на срезку уточняйте ;darwinii_pink.jpg;darwinii_pink.jpg
;Hoya Davidcummingii;Форма роста лиана. Растение нуждается в опоре.;40;Цена указана за один укоренённый узел. Возможно приобретение сорта в виде свежесрезанного черенка. Цену на срезку уточняйте ;davidcummingii.jpg;davidcummingii.jpg
;Hoya Dennisii;Форма роста лиана. Растение нуждается в опоре.;65;Цена указана за один укоренённый узел. Возможно приобретение сорта в виде свежесрезанного черенка. Цену на срезку уточняйте ;dennisii.jpg;dennisii.jpg
;Hoya Densifolia;Форма роста куст/лиана. Растение нуждается в опоре. Темп роста быстрый. Листья около 4см. Цветы собраны по 10 штук, ароматные, пахнут лимоном.;60;временно нет;densifolia.jpg;densifolia.jpg
;Hoya Desvoeuxensis (H. Megalantha Pink);новинка!;-;временно нет;desvoeuxensis.jpg;desvoeuxensis.jpg
;Hoya Deykeae;Форма роста лиана. Растение нуждается в опоре.;80;временно нет;deykeae.jpg;deykeae.jpg
;Hoya Deykeae Splash;Форма роста лиана. Растение нуждается в опоре.;220;временно нет;deykeae_splash.jpg;deykeae.jpg
;Hoya Diptera splash;Форма роста лиана. Растение нуждается в опоре.;45;Цена указана за один укоренённый узел. Возможно приобретение сорта в виде свежесрезанного черенка. Цену на срезку уточняйте ;diptera_splash.jpg;diptera.jpg
;Hoya Diversifolia Blume;Форма роста лиана. Растение нуждается в опоре.;30;Цена указана за один укоренённый узел. Возможно приобретение сорта в виде свежесрезанного черенка. Цену на срезку уточняйте ;diversifolia_blume.jpg;diversifolia_blume.jpg
;Hoya Eliptica splash;Форма роста лиана. Растение нуждается в опоре.;100;Цена указана за один укоренённый узел. Возможно приобретение сорта в виде свежесрезанного черенка. Цену на срезку уточняйте ;elliptica_splash.jpg;elliptica_splash.jpg
;Hoya Endauensis;Форма роста лиана. Растение нуждается в опоре.;80;Цена указана за укоренённый черенок в два узла. Возможно приобретение сорта в виде свежесрезанного черенка. Цену на срезку уточняйте ;enduaensis.jpg;enduaensis.jpg
;Hoya Erythrina;Форма роста лиана. Растение нуждается в опоре.;70;Цена указана за один укоренённый узел. Возможно приобретение сорта в виде свежесрезанного черенка. Цену на срезку уточняйте ;erythrina.jpg;erythrina.jpg
;Hoya Erythrina "Cameron Island";Форма роста лиана. Растение нуждается в опоре.;100;Цена указана за один укоренённый узел. Возможно приобретение сорта в виде свежесрезанного черенка. Цену на срезку уточняйте ;erythrina_cameron_island.jpg;erythrina_cameron_island.jpg
;Hoya Erythrostemma pink;Форма роста лиана. Растение нуждается в опоре.;50;Цена указана за один укоренённый узел. Возможно приобретение сорта в виде свежесрезанного черенка. Цену на срезку уточняйте ;erythrostemma.jpg;erythrostemma_p.jpg
;Hoya Erythrostemma white;Форма роста лиана. Растение нуждается в опоре.;50;Цена указана за один укоренённый узел. Возможно приобретение сорта в виде свежесрезанного черенка. Цену на срезку уточняйте ;erythrostemma.jpg;erythrostemma_w.jpg
;Hoya Excavata;Форма роста лиана. Растение нуждается в опоре.;75;Цена указана за один укоренённый узел. Возможно приобретение сорта в виде свежесрезанного черенка. Цену на срезку уточняйте ;excavata.jpg;excavata.jpg
;Hoya Finlaysonii;Форма роста лиана. Растение нуждается в опоре.;75;Цена указана за один укоренённый узел. Возможно приобретение сорта в виде свежесрезанного черенка. Цену на срезку уточняйте ;finlaysonii.jpg;finlaysonii.jpg
;Hoya Finlaysonii (Burma) sp. 298;;-;временно нет;finlaysonii_sp_298.jpg;finlaysonii.jpg
;Hoya Finlaysonii big dark leaves  ;Форма роста лиана. Растение нуждается в опоре. Темп роста средний.;-;временно нет;finlaysonii_big_dark_leaves.jpg;finlaysonii.jpg
;Hoya Finlaysonii EPC-317;Форма роста лиана. Растение нуждается в опоре.;250;Цена указана за один укоренённый узел. Возможно приобретение сорта в виде свежесрезанного черенка. Цену на срезку уточняйте ;finlaysonii_epc_317.jpg;finlaysonii_epc_317.jpg
;Hoya Finlaysonii EPC-318;Форма роста лиана. Растение нуждается в опоре.;-;временно нет;finlaysonii_epc318.jpg;finlaysonii.jpg
;Hoya Finlaysonii EPC-59;;-;временно нет;finlaysonii_epc_59.jpg;finlaysonii.jpg
;Hoya Finlaysonii "Nova";Форма роста лиана. Растение нуждается в опоре.;150;Цена указана за один укоренённый узел. Возможно приобретение сорта в виде свежесрезанного черенка. Цену на срезку уточняйте ;finlaysonii_nova.jpg;finlaysonii.jpg
;Hoya Finlaysonii splash & long leaf;Форма роста лиана. Растение нуждается в опоре.;-;временно нет;finlaysonii_splash_long_leaf.jpg;finlaysonii.jpg
;Hoya Finlaysonii splash EPC-143;Форма роста лиана. Растение нуждается в опоре.;150;Цена указана за один укоренённый узел. Возможно приобретение сорта в виде свежесрезанного черенка. Цену на срезку уточняйте ;finlaysonii_splash.jpg;finlaysonii_splash.jpg
;Hoya Finlaysonii Trang splash;Форма роста лиана. Растение нуждается в опоре.;150;Цена указана за один укоренённый узел. Возможно приобретение сорта в виде свежесрезанного черенка. Цену на срезку уточняйте ;finlaysonii_t_s.jpg;finlaysonii_splash.jpg
;Hoya Finlaysonii very large ovate leaves EPC-774;Форма роста лиана. Растение нуждается в опоре.;150;Цена указана за один укоренённый узел. Возможно приобретение сорта в виде свежесрезанного черенка. Цену на срезку уточняйте ;finlaysonii_ovale.jpg;finlaysonii.jpg
;Hoya Fitchii;Форма роста лиана. Растение нуждается в опоре. Темп роста быстрый. Листья около 5-6 см, с ярко выраженными более светлыми жилками. Цветы собраны в довольно крупный зонтик, жёлто-коралловые, имеют приятный аромат.;-;временно нет;fitchii.jpg;fitchii.jpg
;Hoya Flagellata;Форма роста лиана. Растение нуждается в опоре.;50;Цена указана за один укоренённый узел. Возможно приобретение сорта в виде свежесрезанного черенка. Цену на срезку уточняйте ;flagellata.jpg;flagellata.jpg
;Hoya Flavida;Форма роста лиана. Растение нуждается в опоре.;50;Цена указана за укоренённый черенок в три узла. Возможно приобретение сорта в виде свежесрезанного черенка. Цену на срезку уточняйте ;flavida.jpg;flavida.jpg
;Hoya Forbesii splash;Форма роста лиана. Растение нуждается в опоре.;-;временное нет;forbesii_splash.jpg;forbesii.jpg
;Hoya Fraterna;Форма роста лиана. Растение нуждается в опоре.;150;Цена указана за один укоренённый узел. Возможно приобретение сорта в виде свежесрезанного черенка. Цену на срезку уточняйте ;fraterna.jpg;fraterna.jpg
;Hoya Fuscomarginata Splash;Форма роста лиана. Растение нуждается в опоре.;120;Цена указана за один укоренённый узел. Возможно приобретение сорта в виде свежесрезанного черенка. Цену на срезку уточняйте ;fuscomarginata_splash.jpg;fuscomarginata.jpg
;Hoya Glabra;Форма роста лиана. Растение нуждается в опоре.;100;Цена указана за один укоренённый узел. Возможно приобретение сорта в виде свежесрезанного черенка. Цену на срезку уточняйте ;glabra.jpg;glabra.jpg
;Hoya Globiflora;Форма роста лиана. Растение нуждается в опоре.;90;Цена указана за один укоренённый узел. Возможно приобретение сорта в виде свежесрезанного черенка. Цену на срезку уточняйте ;globiflora.jpg;globiflora.jpg
;Hoya Globulosa;Форма роста лиана. Растение нуждается в опоре.;75;Цена указана за один укоренённый узел. Возможно приобретение сорта в виде свежесрезанного черенка. Цену на срезку уточняйте ;globulosa.jpg;globulosa.jpg
;Hoya Gracilis;Форма роста лиана. Растение нуждается в опоре.;45;Цена указана за укоренённый черенок в три узла. Возможно приобретение сорта в виде свежесрезанного черенка. Цену на срезку уточняйте ;gracilis.jpg;gracilis.jpg
;Hoya Graveolens;Форма роста лиана. Растение нуждается в опоре.;50;Цена указана за один укоренённый узел. Возможно приобретение сорта в виде свежесрезанного черенка. Цену на срезку уточняйте ;graveolens.jpg;graveolens.jpg
;Hoya Green Apple;Форма роста лиана. Растение нуждается в опоре.;80;Цена указана за один укоренённый узел. Возможно приобретение сорта в виде свежесрезанного черенка. Цену на срезку уточняйте ;green_apple.jpg;green_apple.jpg
;Hoya Griffithii;Форма роста лиана. Растение нуждается в опоре.;150;Цена указана за один укоренённый узел. Возможно приобретение сорта в виде свежесрезанного черенка. Цену на срезку уточняйте ;griffithii.jpg;griffithii.jpg
;Hoya Heuschkeliana variegated;Форма роста ампель/лиана. Растение нуждается в опоре. Листья сочные, немного кожистые, овально-эллиптические, тонкие 3- 5 мм толщиной, длиной до 4 см и шириной до 3 см, имеют жёлто кремовый центр с темно-зеленым кантом по краю и видимыми жилками.Освещение: нуждается в светлом (но без прямого солнца) месте, где она обычно цветет очень обильно, иногда с каждого листового узла. ;350;Цена указана за один укоренённый узел. Возможно приобретение сорта в виде свежесрезанного черенка. Цену на срезку уточняйте ;heuschkeliana_var.jpg;heuschkeliana.jpg
;Hoya Heuschkenliana pink;Форма роста ампель/лиана. Темп роста выше среднего.Листья сочные, немного кожистые, овально-эллиптические, тонкие 3- 5 мм толщиной, длиной до 4 см и шириной до 3 см. Освещение: нуждается в светлом (но без прямого солнца) месте, где она обычно цветет очень обильно, иногда с каждого листового узла. ;-;временно нет;heuschkeliana.jpg;heuschkeliana_pink.jpg
;Hoya Heuschkenliana yellow;Форма роста ампель/лиана. Темп роста выше среднего.Листья сочные, немного кожистые, овально-эллиптические, тонкие 3- 5 мм толщиной, длиной до 4 см и шириной до 3 см. Освещение: нуждается в светлом (но без прямого солнца) месте, где она обычно цветет очень обильно, иногда с каждого листового узла. ;-;временно нет;heuschkeliana.jpg;heuschkeliana_yellow.jpg
;Hoya Hypolasia;Форма роста лиана. Растение нуждается в опоре.;100;Цена указана за один укоренённый узел. Возможно приобретение сорта в виде свежесрезанного черенка. Цену на срезку уточняйте ;hypolasia.jpg;hypolasia.jpg
;Hoya Ignorata splash;;-;временно нет; ignorata_splash.jpg; ignorata.jpg
;Hoya Ilagiorum;Форма роста лиана. Растение нуждается в опоре. Темп роста быстрый. Листья кожистые, ланцетовидные, с видимыми жилками, размер варьируется от 9 до 20см в длину, 3-5 см в ширину.В компактном выпуклом цветочном зонтике образуется 20-35 отдельных цветков диаметром 1,25 см,легкая в выращивании.Рекомендуется для новичков.;150;Цена указана за один укоренённый узел. Возможно приобретение сорта в виде свежесрезанного черенка. Цену на срезку уточняйте ;ilagiorum.jpg;ilagiorum.jpg
;Hoya Imperialis "Alba";Форма роста лиана/куст. Растение нуждается в опоре. Темп роста выше среднего.По внешнему виду и условиям содержания не отличается от типового вида, только цветки у нее белые с нежным зеленым оттенком.  Диаметр цветка 5-6 см. ;250;Цена указана за один укоренённый узел. Возможно приобретение сорта в виде свежесрезанного черенка. Цену на срезку уточняйте ;imperialis_alba.jpg;imperialis_alba.jpg
;Hoya Imperialis "Borneo";Форма роста лиана. Растение нуждается в опоре. Темп роста быстрый. Листья кожистые, насыщенно-зеленого цвета, с хорошо видимой центральной жилкой.Цветы  в форме звезд, имеют лиловые лепестки , диаметр цветка 5-6 см.  Цветки источают сладкий фруктовый аромат.;100;Цена указана за один укоренённый узел. Возможно приобретение сорта в виде свежесрезанного черенка. Цену на срезку уточняйте ;imperialis_borneo.jpg;imperialis_borneo.jpg
;Hoya Imperialis long leaves;Форма роста лиана. Ратсение нуждается в опоре. Темп роста быстрый. Листья продолговато-овальные, кожистые, насыщенно-зеленого цвета, с хорошо видимой центральной жилкой.Листовая пластина до 16 см длиной, 6 см шириной.Цветки в форме темно-красных звезд с молочно-белой короной. Диаметр цветка 5-6 см.;100;Цена указана за один укоренённый узел. Возможно приобретение сорта в виде свежесрезанного черенка. Цену на срезку уточняйте ;imperialis_l_l.jpg;imperialis_l_l.jpg
;Hoya Imperialis "Palawan";;-;временно нет;imperialis.jpg;imperialis_palawan.jpg
;Hoya Imperialis Red;Форма роста лиана. Растение нуждается в опоре. Темп роста быстрый. Листья продолговато-овальные, кожистые, насыщенно-зеленого цвета, с хорошо видимой центральной жилкой.Листовая пластина до 16 см длиной, 6 см шириной, матовая, гладкая или с небольшим опушением по краю. Цветы  в форме темно-красных звезд с молочно-белой короной, диаметр цветка 5-6 см. ;100;Цена указана за один укоренённый узел. Возможно приобретение сорта в виде свежесрезанного черенка. Цену на срезку уточняйте ;imperialis_red.jpg;imperialis_red.jpg
;Hoya Incrasata "Eclipse";Форма роста лиана.Растение нуждается в опоре.  Темп роста средний.  Листья ярко зелёные с бело-кремовым кантом по краю овальные, глянцевые, у основания закруглённые, на концах заострённые, 10 см длиной и до 5 см шириной. Полив проницаемый субстрат, регулярный полив без пересушки грунта. Рекомендуется для новичка;100;Цена указана за один укоренённый узел. Возможно приобретение сорта в виде свежесрезанного черенка. Цену на срезку уточняйте ;incrassata_e.jpg;incrassata_e.jpg
;Hoya Incrassata green;Форма роста лиана. Растение нуждается в опоре. Темп роста быстрый.  Листья толстые и кожистые, гладкие и блестящие, продолговато-овальные, 9-14 см длиной, 5-6 см шириной, основания листа закругленные либо немного сердцевидные, вершины заостренные. Рекомендуется новичкам.;50;Цена указана за один укоренённый узел. Возможно приобретение сорта в виде свежесрезанного черенка. Цену на срезку уточняйте ;incrassata_green.jpg;incrassata.jpg
;Hoya Incrassata "Moon Shadow";Форма роста лиана. Растение нуждается в опоре. Темп роста средний. Листья имеют жёлто-кремовую середину и зелёный кант по краю овальные, глянцевые, у основания закруглённые, на концах заострённые, 10 см длиной и до 5 см шириной. Жилки отчётливо видны.на прекрасно чувствует себя и на южных, и на западных окнах.Рекомендуется для новичков.;100;Цена указана за один укоренённый узел. Возможно приобретение сорта в виде свежесрезанного черенка. Цену на срезку уточняйте ;incrassata_m_s.jpg;incrassata.jpg
;Hoya Inflata;Форма роста лиана. Растение нуждается в опоре.  Темп роста  средний. Листья зеленые, матовые, широко-овальные с острым кончиком, с характерным жилкованием.В цветочном зонтике раскрывается 8-12 свисающих колокольчатых цветков диаметром 1,5-2см, очень похожих на цветки ландыша . Растение тепло и светолюбиво. Не терпит просушек.;350;Цена указана за один укоренённый узел. Возможно приобретение сорта в виде свежесрезанного черенка. Цену на срезку уточняйте ;inflata.jpg;inflata.jpg
;Hoya Javanica "siam smile";Форма роста куст. Темп роста быстрый. Хойя с очень красивыми вариегатными листьями, слегка волнистыми, достигающими в длину 12 см, а в ширину – 5 см. Хойя неутомимо цветёт.  Растет и может цвести круглый год. Полив обильный в любое время года, пересушка грунта не допустима. Подходит новичку.;150;Цена указана за один укоренённый узел. Возможно приобретение сорта в виде свежесрезанного черенка. Цену на срезку уточняйте ;javanica_siam_smile.jpg;javanica_siam_smile.jpg
;Hoya Kanyakumariana;Форма роста лиана/ампель. Миниатюрная хойка. Листья плотные, волнистые. Освещение без прямого солнца. Полив умеренный, опрыскивания.;-;временно нет;kanyakumariana.jpg;kanyakumariana.jpg
;Hoya Kenejiana;Форма роста лиана. Растение нуждается в опоре. Темп роста быстрый. Листья 6 – 10 см длиной и 2 – 2,8 см шириной, тёмно-зелёные, овальные.Летом выдерживает высокие температуры при условии повышенной влажности воздуха и притенении в полуденные часы.рекомендуется для новичков - довольно легко приспосабливается к различным условиям содержания.;65;Цена указана за один укоренённый узел. Возможно приобретение сорта в виде свежесрезанного черенка. Цену на срезку уточняйте ;kenejiana.jpg;kenejiana.jpg
;Hoya Kenejiana albomarginata "Thong"s Treasure";Форма роста лиана. Растение нуждается в опоре. Темп роста выше среднего. Листья 6 – 10 см длиной и 2 – 2,8 см шириной,имеютбелый кант, на разных листьях он может быть разлчной ширины.Освещение: летом и зимой яркий, рассеянный свет, от полуденного солнца нужно притенять.Полив:  к поливу нужно относиться осторожно. Следующий полив после просыхания верхнего слоя почвы. ;200;Цена указана за один укоренённый узел. Возможно приобретение сорта в виде свежесрезанного черенка. Цену на срезку уточняйте ;kenejiana_albomarginata.jpg;kenejiana.jpg
;Hoya Kenejiana  variegated  "Nugget";Форма роста лиана. Растение нуждается в опоре. Темп роста выше среднего. Листья 6 – 10 см длиной и 2 – 2,8 см шириной,имеют жёлто-кремовую середину и тёмно-зелёный кант по краю.Освещение: летом и зимой яркий, рассеянный свет, от полуденного солнца нужно притенять.Полив:  к поливу нужно относиться осторожно. Следующий полив после просыхания верхнего слоя почвы. ;250;Цена указана за один укоренённый узел. Возможно приобретение сорта в виде свежесрезанного черенка. Цену на срезку уточняйте ;kenejiana_var.jpg;kenejiana_var.jpg
;Hoya Kentiana variegated;Форма роста ампель/лиана. Темп роста медленный.Листья удлинённо-заострённые достигают 11 см длины и 1,5 см ширины,имеют жёлто-кремовый цвет с тёмно зелёным кантом по краю.пурпурно-красные цветы держатся около 3 дней и не пахнут. Полив: почва должна быть очень водопроницаемой, а саму хойю следует содержать достаточно сухо. При длительном заливе чувствительные стебельки отгнивают. Но влажность воздуха лучше поддерживать достаточно высокой, особенно в жаркие дни следует часто опрыскивать. ;550;Цена указана за один укоренённый узел. Возможно приобретение сорта в виде свежесрезанного черенка. Цену на срезку уточняйте ;kentiana_var.jpg;kentiana.jpg
;Hoya Kerrii albomarginata  ;Форма роста лиана. Растение нуждается в опоре. ;150;Цена указана за один укоренённый узел. Возможно приобретение сорта в виде свежесрезанного черенка. Цену на срезку уточняйте ;kerri_albomarginata.jpg;kerri.jpg
;Hoya Kerrii "Permanent Yellow";Форма роста лиана. Растение нуждается в опоре. Вариегатность по центру листа не зеленеет со временем.;300;Цена указана за один укоренённый узел. Возможно приобретение сорта в виде свежесрезанного черенка. Цену на срезку уточняйте ;kerrii_permanent.jpg;kerri.jpg
;Hoya Kerrii Silver Splash;Форма роста лиана. Растение нуждается в опоре.;250;Цена указана за один укоренённый узел. Возможно приобретение сорта в виде свежесрезанного черенка. Цену на срезку уточняйте ;kerri_silver_splash.jpg;kerri_silver_splash.jpg
;Hoya Kerrii Spot Margin;Форма роста лиана. Растение нуждается в опоре.;300;Цена указана за один укоренённый узел. Возможно приобретение сорта в виде свежесрезанного черенка. Цену на срезку уточняйте ;kerri_albomarginata_spot.jpg;kerri_spot.jpg
;Hoya Kerrii Yellow variegated;Форма роста лиана. Растение нуждается в опоре. ;150;Цена указана за один укоренённый узел. Возможно приобретение сорта в виде свежесрезанного черенка. Цену на срезку уточняйте ;kerrii_var.jpg;kerri.jpg
;Hoya Kerrii  "Spot Center";Форма роста лиана. Растение нуждается в опоре.;350;Цена указана за один укоренённый узел. Возможно приобретение сорта в виде свежесрезанного черенка. Цену на срезку уточняйте ;kerrii_spot_center.jpg;kerri_spot.jpg
;Hoya Kloppenburgii;Форма роста лиана. Растение нуждается в опоре.;150;Цена указана за один укоренённый узел. Возможно приобретение сорта в виде свежесрезанного черенка. Цену на срезку уточняйте ;kloppenburgii.jpg;kloppenburgii.gif
;Hoya Laconosa red leaf/splash from Lao ;;-;временно нет;laconosa_red_leaf.jpg;lacunosa.jpg
;Hoya Lacunosa ‘Black Queen’;Форма роста лиана/ампель. Темп роста средний. Листья серцведные, мелкие, около 2-3 см, насыщенного свекольного цвета, шёлковые  с виду. Нуждается в ярком освещении, возможно некоторое количество прямого солнца. Полив умеренный. Подходит новичку.;-;временно нет;pusilla.jpg;pusilla.jpg
;Hoya Lacunosa "Eskimo";Форма роста лиана/ампель. Темп роста выше среднего. Листья в форме сердечек с сильным серебрянным крапом. Довольно легко зацветает.Рекомендуется для новичков.;100;Цена указана за укоренённый черенок в 4 узла. Возможно приобретение сорта в виде свежесрезанного черенка. Цену на срезку уточняйте ;lacunosa_eskimo.jpg;lacunosa_eskimo.jpg
;Hoya Lacunosa "Eskimo silver";Форма роста лиана/ампель. Темп роста выше среднего. Особенно впечатляет поразительный аромат цветков,напоминающий запах духов.Листья плотные полностью залиты серебром.;100;Цена указана за укоренённый черенок в 3 узла. Возможно приобретение сорта в виде свежесрезанного черенка. Цену на срезку уточняйте ;lacunosa_eskimo_silver.jpg;lacunosa_eskimo.jpg
;Hoya Lacunosa "Langkawi" (EPC-523);Форма роста лиана/амель. Темп роста средний. Листья около 1,5 см, покрыты частым белым крапом. Полив без пересушек. ;-;временно нет;lacunosa_langkawi.jpg;lacunosa_langkawi.jpg
;Hoya Lacunosa "Royal Flush";Форма роста лиана/ампель. Темп роста средний. Маленькие, тёмно-бронзовые с великолепным серебрянным крапом, ромбовидные листья с загнутыми крами. Обратная сторона листа блестящая. Длина листьев достигает 6 см, ширина 1,5 - 2,5 см. Новый прирост имеет красно-коричневый цвет.Зацветает легко и обильно.Цветки собраны в зонтики по 15 - 20 штук. Они не выделяют нектара и держатся около 5 дней.  Подходит новичку;60;Цена указана за один укоренённый узел. Возможно приобретение сорта в виде свежесрезанного черенка. Цену на срезку уточняйте ;lacunosa_royal_flush.jpg;lacunosa_royal_flush.jpg
;Hoya Lambii;Форма роста лиана. Растение нуждается в опоре.;-;временно нет;lambii.jpg;lambii.jpg
;Hoya Lasianta;Форма роста лиана. Растение нуждается в опоре.;150;Цена указана за один укоренённый узел. Возможно приобретение сорта в виде свежесрезанного черенка. Цену на срезку уточняйте ;lasianta.jpg;lasianta.jpg
;Hoya Lauterbachii;Форма роста лиана. Растение нуждается в опоре. Темп роста быстрый. У этой хойи опушены стебли,листья и цветки,Листья овально- эллиптические,цветки огромные до 7,5 см диаметром,темно-коричневые внутри и изумрудно-зеленые с желтизной снаружи.;65;Цена указана за один укоренённый узел. Возможно приобретение сорта в виде свежесрезанного черенка. Цену на срезку уточняйте ;lauterbachii.jpg;lauterbachii.jpg
;Hoya Limoniaca;Форма роста лиана. Растение нуждается в опоре.;50;Цена указана за один укоренённый узел. Возможно приобретение сорта в виде свежесрезанного черенка. Цену на срезку уточняйте ;limoniaca.jpg;limoniaca.jpg
;Hoya Lithophytica;Форма роста лиана. Растение нуждается в опоре. Темп роста выше среднего. Листья около 3-4 см, серебристо-зелёные, сегка опушенные. Нуждается в ярком освещении, выдержвает некоторое количество прямых солнечных лучей. Зацветает в раннем возрасте, цветене обильное. Цветы белые с розовой короной, крупнее листьев! Полив без сильных просушек. Подходит новичку.;100;Цена указана за укоренённый черенок в 2 узла. Возможно приобретение сорта в виде свежесрезанного черенка. Цену на срезку уточняйте ;lithophytica.jpg;lithophytica.jpg
;Hoya Lobbii splash;Форма роста лиана. Растение нуждается в опоре. Темп роста выше среднего. Листья покрыты частым светлым крапом, при хорошем освещении крап розовеет. Цветы кремовые с бордовой короной. НЕ любит пересушек. Подходит новичку.;130;Цена указана за один укоренённый узел. Возможно приобретение сорта в виде свежесрезанного черенка. Цену на срезку уточняйте ;lobbii_splash.jpg;lobbii_splash.jpg
;Hoya Lobii dark red;Форма роста куст. Растение нуждается в опоре. Темп роста быстрый. Листьями со светлыми крапинками длиной 8-11 см, шириной 2-3 см. В соцветии 15-20 цветков до 2 см диаметром с опушенными тёмно-винного цвета лепестками и внутренней темно-бордовой короной со сладковатым запахом. Рекомендуется новичкам.;75;Цена указана за один укоренённый узел. Возможно приобретение сорта в виде свежесрезанного черенка. Цену на срезку уточняйте ;lobii_d_r.jpg;lobii_d_r.jpg
;Hoya Lockii;Форма рост куст. Темп роста выше среднего. Листья несуккулентные. Освещение яркое, без прямого солнца. Полив умеренный, без просушек. Любит опрыскивания. Цветы приятно пахнут, цветение обильное.;250;Цена указана за один укоренённый узел. Возможно приобретение сорта в виде свежесрезанного черенка. Цену на срезку уточняйте ;lockii.jpg;lockii.jpg
;Hoya Longifolia Pubescens;Форма роста лиана/ампель. Темп роста средний. Можно выращивать без опоры. Полив умеренный. Освещение без прямых солнечных лучей. Подходит новичку.;-;временно нет;longifolia.jpg;longifolia.jpg
;Hoya Loyceandrewsiana;Форма роста лиана. Растение нуждается в опоре. Темп роста выше среднего. Крупные кожистые листья. На верхней стороне листьев имеются единичные белые пятна.Не только большие листья, но и цветки у этой хойи замечательны. Цветочный зонтик формирует почти идеальный круглый шар с 70 цветками, кремово-белого цвета. Цветы источают сильный сладковатый мускусный запах. Подходит новичкам.;100;Цена указана за один укоренённый узел. Возможно приобретение сорта в виде свежесрезанного черенка. Цену на срезку уточняйте ;loyceandrewsiana.jpg;loyceandrewsiana.jpg
;Hoya Lyi;Форма роста лиана/амель. Темп роста средний. Листья около 1-1,5 см, покрыты частым серебряным крапом. Полив без пересушек. ;-;временно нет;lyi.jpg;lyi.jpg
;Hoya Macgillivrayi;Форма роста лиана. Растение нуждается в опоре. Темп роста быстрый. Листья темно-зеленые, мясистые широкоовальные, глянцевые с сердцевидным основанием, длиной 7-18 см и шириной 3,5-8 см. В зонтике  4-12 цветков бурячно-винного цвета с белыми пятнами в центре. Сильно пахнут. Рекомендуется новичкам.;150;Цена указана за один укоренённый узел. Возможно приобретение сорта в виде свежесрезанного черенка. Цену на срезку уточняйте ;macgillivrayi.jpg;macgillivrayi.jpg
;Hoya Macgillivrayi_1;Форма роста лиана. Растение нуждается в опоре. Темп роста быстрый. Листья темно-зеленые, мясистые широкоовальные, глянцевые с сердцевидным основанием, длиной 7-18 см и шириной 3,5-8 см. В зонтике  4-12 цветков бурячно-винного цвета с белыми пятнами в центре. Сильно пахнут. Рекомендуется новичкам.;150;Цена указана за один укоренённый узел. Возможно приобретение сорта в виде свежесрезанного черенка. Цену на срезку уточняйте ;macgillivrayi.jpg;macgillivrayi_1.jpg
;Hoya Macrophylla Bai  Bur;новинка!;-;временно нет;macrophylla_baib_bur.jpg;macrophylla_baib_bur.jpg
;Hoya Macrophylla Pot of Gold;Форма роста лиана. Растение нуждается в опоре. Темп роста выше среднего. Большие,золотисто-жёлтые по краю с тёмно зелёным кантом, удлинённо-заострённые, блестящие, мясистые и не опушенные. Длина листьев 14 – 25 см, ширина 5 – 11 см. Красиво выявлены листовые жилки.В шаровидных зонтиках раскрывается много цветков на фиолетовых цветоносах длиной 6 – 10 см. ;170;Цена указана за один укоренённый узел. Возможно приобретение сорта в виде свежесрезанного черенка. Цену на срезку уточняйте ;macrophylla_pot_of_gold.jpg;macrophylla_pot_of_gold.jpg
;Hoya Macrophylla "Snow Queen" (Splash);Форма роста лиана. Растение нуждается в опоре. Темп роста быстрый. Большие кожистые листья почти полностью забрызганы серебром. Подходит новичкам.;100;Цена указана за один укоренённый узел. Возможно приобретение сорта в виде свежесрезанного черенка. Цену на срезку уточняйте ;macrophylla_splash.jpg;macrophylla.jpg
;Hoya Macrophylla Super Splash;Форма роста лиана. Растение нуждается в опоре.  Темп роста быстрый. Большие, тёмно-зелёные полностью залиты серебром.Быстрые темпы роста. Рекомендуем для новичков.;180;Цена указана за один укоренённый узел. Возможно приобретение сорта в виде свежесрезанного черенка. Цену на срезку уточняйте ;macrophylla_super_splash.jpg;macrophylla.jpg
;Hoya Macrophylla variegated;Форма роста лиана. Растение нуждается в опоре. Темп роста быстрый. Листья большие, темно-зеленые, заостренные, мясистые, длиной 14-25 см, шириной 5-11 см с белыми краями.В шаровидных зонтиках раскрывается много цветков на фиолетовых цветоносах. Рекомендуется для новичков.;75;Цена указана за один укоренённый узел. Возможно приобретение сорта в виде свежесрезанного черенка. Цену на срезку уточняйте ;macrophylla_var.jpg;macrophylla_var.jpg
;Hoya Mappigera;новинка! Форма роста лиана. Растение нуждается в опоре. Темп роста средний. ;450;Цена указана за один укоренённый узел. Возможно приобретение сорта в виде свежесрезанного черенка. Цену на срезку уточняйте ;mappigera.jpg;mappigera.jpg
;Hoya Megalantha white;новинка! ;-;временно нет;megalantha_white.jpg;megalantha_white.jpg
;Hoya Megalaster;Форма роста лиана. Растение нуждается в опоре. Темп роста средний. Большие темно-зеленые листья, в соцветии до 8-12 цветков винно-красного цвета до 5 см в диаметре с приятным запахом. Любт яркий свет без прямых солнечных лучей. Полив умеренный, без сильных просушек.;180;Цена указана за один укоренённый узел. Возможно приобретение сорта в виде свежесрезанного черенка. Цену на срезку уточняйте ;megalaster.jpg;megalaster.jpg
;Hoya Meliflua;Форма роста лиана. Растение нуждается в опоре. Темп роста среднй.  Листья крупные, тёмно-зелёные. В соцветии до 20 сладко пахнущих розовых цветков 1,5 см. в диаметре, с отогнутыми лепестками, коронка светло-розовая. Подходит новичку.;65;Цена указана за один укоренённый узел. Возможно приобретение сорта в виде свежесрезанного черенка. Цену на срезку уточняйте ;meliflua.jpg;meliflua.jpg
;Hoya Meliflua ssp Fraterna;Форма роста лиана. Растение нуждается в опоре. Темп роста ниже среднего. Листья у неё  суккулентные, зелёные и блестящие около 15-17см.Предпочитает очень рыхлую земляную смесь, умеренный свет, довольно обильный полив (земляной ком не должен никогда полностью высыхать) и регулярные подкормки.  Цветки не имеют запаха и собраны в полукруглые зонтики по 30 – 40 штук.;85;Цена указана за один укоренённый узел. Возможно приобретение сорта в виде свежесрезанного черенка. Цену на срезку уточняйте ;meliflua_ssp_fraterna.jpg;meliflua_ssp_fraterna.jpg
;Hoya Meredithii;Форма роста лиана. Растение нуждается в опоре. Темп роста быстрый.  Листья средней величины жёлто-зелёные, на которых отчётливо видна сеть более тёмных жилок.  Любит яркий свет и опрыскивания. Подходит новичкам.;150;Цена указана за один укоренённый узел. Возможно приобретение сорта в виде свежесрезанного черенка. Цену на срезку уточняйте ;meredithii.jpg;meredithii.jpg
;Hoya Meredithii green;Форма роста лиана. Растение нуждается в опоре. Темп роста выше среднего. Листья светло-зелёные и густо покрыты сеткой отчётливо выраженных тёмных жилок, достигающими длины до 15 см и ширины 9 см. На листья присутствуют довольно крупные серебрянные пятна.Междоузлия до 6 см длиной, коричневые и почти всегда одревесневающие. Цветки жёлто-белые.;250;Цена указана за один укоренённый узел. Возможно приобретение сорта в виде свежесрезанного черенка. Цену на срезку уточняйте ;meredithii_green.jpg;meredithii_green.jpg
;Hoya Meredithii x Crassicaulis;Форма роста лиана. Растение нуждается в опоре. Темп роста выше среднего. Листья гладкие, кожистые, овальные или продолговато-заостренные, блестящие, 8-17 см длиной, в середине листа 5-8 см шириной, основание скругленное или немного заостренное и загнутое.  Цветы ароматные, бледно-желтые с багрянисто-коричневыми кончиками лепестков. быстрорастущая хойя. Рекомендуется для новичков;120;Цена указана за один укоренённый узел. Возможно приобретение сорта в виде свежесрезанного черенка. Цену на срезку уточняйте ;meredithii_x_crassicaulis.jpg;meredithii_x_crassicaulis.jpg
;Hoya Mindorensis "Black";Форма роста лиана. Растение нуждается в опоре. Темп роста быстрый. Листья эллиптические и кожистые, 11 см в длину и 6 см в ширину. Цветки 1,6 см диаметром.Заостренные лепестки похожи на красивую звезду, которая впечатляюще смотрится в ореоле из пуха. Окраска цветов насыщено свекольного цвета с белыми ворсинками. В круглом зонтике распускается 40-50 цветков.Черенки нельзя укоренять в воде: срезанный черенок для укоренения сразу вставляется в проницаемый грунт.  Рекомендуется для начинающих любителей.;150;Цена указана за один укоренённый узел. Возможно приобретение сорта в виде свежесрезанного черенка. Цену на срезку уточняйте ;mindorensis_black.jpg;mindorensis_black.jpg
;Hoya Mindorensis "Full yellow flowers";новинка! Форма роста лиана. Растение нуждается в опоре. Темп роста быстрый. Листья эллиптические и кожистые, 11 см в длину и 6 см в ширину. Цветы тёплого, насыено жёлтого цвета. Цветки 1,6 см диаметром.Заостренные лепестки похожи на красивую звезду, которая впечатляюще смотрится в ореоле из пуха. В круглом зонтике распускается 40-50 цветков.Черенки нельзя укоренять в воде: срезанный черенок для укоренения сразу вставляется в проницаемый грунт.  Рекомендуется для начинающих любителей.;150;Цена указана за один укоренённый узел. Возможно приобретение сорта в виде свежесрезанного черенка. Цену на срезку уточняйте ;mindorensis.jpg;mindorensis_f_y.jpg
;Hoya Mindorensis "Pinkish orange flowers";Форма роста лиана. Растение нуждается в опоре. Темп роста быстрый. Листья эллиптические и кожистые, 11 см в длину и 6 см в ширину. Цветы розово-перскового цвета. Цветки 1,6 см диаметром.Заостренные лепестки похожи на красивую звезду, которая впечатляюще смотрится в ореоле из пуха. В круглом зонтике распускается 40-50 цветков.Черенки нельзя укоренять в воде: срезанный черенок для укоренения сразу вставляется в проницаемый грунт.  Рекомендуется для начинающих любителей.;100;Цена указана за один укоренённый узел. Возможно приобретение сорта в виде свежесрезанного черенка. Цену на срезку уточняйте ;mindorensis.jpg;mindorensis_p.jpg
;Hoya Mindorensis "Red";Форма роста лиана. Растение нуждается в опоре. Темп роста быстрый. Листья эллиптические и кожистые, 11 см в длину и 6 см в ширину. Цветы ярко красные, с белыми ворснками. Цветки 1,6 см диаметром.Заостренные лепестки похожи на красивую звезду, которая впечатляюще смотрится в ореоле из пуха. В круглом зонтике распускается 40-50 цветков.Черенки нельзя укоренять в воде: срезанный черенок для укоренения сразу вставляется в проницаемый грунт.  Рекомендуется для начинающих любителей.;70;Цена указана за один укоренённый узел. Возможно приобретение сорта в виде свежесрезанного черенка. Цену на срезку уточняйте ;mindorensis.jpg;mindorensis_r.gif
;Hoya Mindorensis "Yellow";Форма роста лиана. Растение нуждается в опоре. Темп роста быстрый. Листья эллиптические и кожистые, 11 см в длину и 6 см в ширину. Цветы лимонно- жёлтого цвета. Цветки 1,6 см диаметром.Заостренные лепестки похожи на красивую звезду, которая впечатляюще смотрится в ореоле из пуха. В круглом зонтике распускается 40-50 цветков.Черенки нельзя укоренять в воде: срезанный черенок для укоренения сразу вставляется в проницаемый грунт.  Рекомендуется для начинающих любителей.;100;Цена указана за один укоренённый узел. Возможно приобретение сорта в виде свежесрезанного черенка. Цену на срезку уточняйте ;mindorensis.jpg;mindorensis_y.gif
;Hoya Mirabilis clone A;Форма роста лиана. Растение нуждается в опоре. Темп роста средний. Листовая пластина кожистая, овально-ланцетовидная, 2,5-7 см длиной, 1-2,5 см шириной, края листьев слабо загнутые, поверхность шелковистая, темно-зеленая с серебрянными брызгами. У clone A более узкие листья.;75;Цена указана за один укоренённый узел. Возможно приобретение сорта в виде свежесрезанного черенка. Цену на срезку уточняйте ;mirabilis.jpg;mirabilis.jpg
;Hoya Mirabilis clone B;Форма роста ампель/лиана. Растение нуждается в опоре. Темп роста выше среднего. Листовая пластина кожистая, овально-ланцетовидная, 2,5-7 см длиной, 1-2,5 см шириной, края листьев слабо загнутые, поверхность матовая, темно-зеленая,при ярком освещении приобретают красный оттенок.В цветочном зонтике открывается 5-16 отдельных цветков, диаметром 1,5-1,7см. Расцветка лепестков венчика лимонно-зеленая.  clone B с несколько более широкими листьями и цветы немного крупнее. Рекомендуется новичку.;75;Цена указана за один укоренённый узел. Возможно приобретение сорта в виде свежесрезанного черенка. Цену на срезку уточняйте ;mirabilis_b.jpg;mirabilis.jpg
;Hoya Mitrata  malaysia;Форма роста лиана. Растение нуждается в опоре. Темп роста медленный. Листья крупные тёмно зелёные с беребрянным сплешем. Очень чувствительна к переувлажнению, поэтому для нее необходимо использовать очень рыхлую, проницаемую почву. Лучше чаще опрыскать растение чем полить. Хороший дренаж на дне горшка – обязателен.рекомендуется для начинающих любителей, но когда растение уже укорененное;130;Цена указана за один укоренённый узел. Возможно приобретение сорта в виде свежесрезанного черенка. Цену на срезку уточняйте ;mitrata_malaysia.jpg;mitrata_malaysia.jpg
;Hoya Mitrata  splash;Форма роста лиана. Растение нуждается в опоре. Темп роста ниже среднего. Листья плотны, часто покрыты серебряным крапом. Растения предпочтает высокую влажность воздуха и полв по мере просыхания.;250;Цена указана за один укоренённый узел. Возможно приобретение сорта в виде свежесрезанного черенка. Цену на срезку уточняйте ;mitrata_s.jpg;mitrata.jpg
;Hoya Mitrata perfect splash;Форма роста лиана. Растение нуждается в опоре. Темп роста ниже среднего. Листья плотные, серебристые. Растения предпочтает высокую влажность воздуха и полв по мере просыхания.;300;Цена указана за один укоренённый узел. Возможно приобретение сорта в виде свежесрезанного черенка. Цену на срезку уточняйте ;mitrata_p_s.jpg;mitrata.jpg
;Hoya Monette;Форма роста лиана. Растение нуждается в опоре. Темп роста быстрый. Листья овальные, длиной 4 - 5 см и шириной 2,5 - 3 см. Они серо-зелёные, толстые и бархатисто опушены, причём опушение более выражено на нижней стороне, нежели на верхней. Цветы очень крупные.;65;Цена указана за один укоренённый узел. Возможно приобретение сорта в виде свежесрезанного черенка. Цену на срезку уточняйте ;monette.jpg;monette.jpg
;Hoya Montana;Форма роста лиана. Растение нуждается в опоре. Темп роста быстрый. Листья эллиптические, гладкие с обеих сторон, глянцевые, по краям слегка волнистые, с острым кончиком. Обычно размер листьев 7,5-11 см длиной, 3,5-5 см шириной, но могут достигать размера 15 см длиной, 7 см шириной. В рыхлых цветочных зонтиках открывается 8 – 15 цветков диаметром около 1,3 см. Цветочный венчик золотисто-желтый, коронка также желтая. Запах слабый. Рекомендуется новичкам.;65;Цена указана за один укоренённый узел. Возможно приобретение сорта в виде свежесрезанного черенка. Цену на срезку уточняйте ;montana.jpg;montana.jpg
;Hoya Naumanii;Форма роста лиана. Растение нуждается в опоре. Темп роста быстрый. Большие темно-зеленые, плотные, кожистые листья, блестящие и не опушенные. В рыхлом цветочном зонтике раскрываются от 10 до 20 сливочно-белых, с темно-розовой, малиновой внутренней короной, около 2 см в диаметре цветков. Освещение: предпочитает яркое местоположение, с достаточным количеством прямых солнечных лучей, требует притенения. Отлично растет при искусственном освещении.Рекомендуется новичкам;75;Цена указана за один укоренённый узел. Возможно приобретение сорта в виде свежесрезанного черенка. Цену на срезку уточняйте ;naumanii.jpg;naumanii.jpg
;Hoya Obovata;Форма роста лиана. Растение нуждается в опоре. Темп роста выше среднего. Листья  толстые,мясистые,круглые покрыты редким серебряным крапом. В цветочном зонтике 20-30 пушистых нежно-розовых цветков,корона темно-розовая. Цветы приятно пахнут. Не терпит залива;65;Цена указана за один укоренённый узел. Возможно приобретение сорта в виде свежесрезанного черенка. Цену на срезку уточняйте ;obovata.jpg;obovata.jpg
;Hoya Obovata splash;Форма роста лиана. Растение нуждается в опоре. Темп роста средний. Листья  толстые,мясистые,круглые покрыты обильным серебрянным сплешем.В цветочном зонтике 20-30 пушистых  нежно-розовых цветков,корона темно-розовая. Цветы приятно пахнут. Не терпит залива;180;Цена указана за один укоренённый узел. Возможно приобретение сорта в виде свежесрезанного черенка. Цену на срезку уточняйте ;obovata_splash.jpg;obovata_splash.jpg
;Hoya Obovata variegated;Форма роста лиана. Растение нуждается в опоре. Темп роста выше среднего. Листья  толстые,мясистые,круглые покрыты редким серебряным крапом, по центру салатово-жёлтое, иногда с розовинкой, пятно. В цветочном зонтике  20-30 пушистых нежно-розовых цветков,корона темно-розовая.Цветы приятно пахнут. Не терпит залива;180;Цена указана за один укоренённый узел. Возможно приобретение сорта в виде свежесрезанного черенка. Цену на срезку уточняйте ;obovata_var.jpg;obovata.jpg
;Hoya Obovata variegated Splash;новинка! Форма роста лиана. Растение нуждается в опоре. Темп роста ниже среднего. Листья  толстые,мясистые,круглые, по центру салатово-жёлтое, иногда с розовинкой, пятно. Поверхность листа густо покрыта серебряным крапом. Нуждается в ярком освещении без прямых солнечных лучей. Цветы приятно пахнут.Не терпит залива. ;700;Цена указана за один укоренённый узел. Возможно приобретение сорта в виде свежесрезанного черенка. Цену на срезку уточняйте ;obovata_var_s.jpg;obovata.jpg
;Hoya Obscura;Форма роста ампель/лиана. Темп роста быстрый. Листья глянцевые, от 7 до 15 см, шириной 3-5 см. Цветочный зонтик состоит из сливочно-розовых или сливочно-желтых пушистых шариков цветков, до 30 штук в одном соцветии. Цветы приятно пахнут.;25;Цена указана за один укоренённый узел. Возможно приобретение сорта в виде свежесрезанного черенка. Цену на срезку уточняйте ;obscura_white.jpg;obscura_white.jpg
;Hoya Obscura red leaves;Форма роста ампель/лиана. Темп роста быстрый. Листья глянцевые, от 7 до 15 см, шириной 3-5 см.Под воздействием солнечного света приобретают приятный бордовый цвет. Цветочный зонтик состоит из сливочно-розовых или сливочно-желтых пушистых шариков цветков, до 30 штук в одном соцветии. Цветы приятно пахнут.;35;Цена указана за один укоренённый узел. Возможно приобретение сорта в виде свежесрезанного черенка. Цену на срезку уточняйте ;obscura_red.jpg;obscura_red.jpg
;Hoya Onychoides "forster";Форма роста лиана. Растение нуждается в опоре.;100;Цена указана за один укоренённый узел. Возможно приобретение сорта в виде свежесрезанного черенка. Цену на срезку уточняйте ;onychoides_forster.jpg;onychoides_forster.jpg
;Hoya Onychoides "Giant Flower"(EPC-135);новинка! Форма роста лиана. Растение нуждается в опоре. Темп роста средний. Листья суккулентные, тёмно-зелёные,12-22 см в длину и 4-7 см в ширину. Теплолюбивая хойя. Нуждается в ярком освещении без прямых солнечных лучей. Полив умеренный.Цветы около 7см, приятно пахнут.;200;Цена указана за один укоренённый узел. Возможно приобретение сорта в виде свежесрезанного черенка. Цену на срезку уточняйте ;onychoides_giant.jpg;onychoides_giant.jpg
;Hoya Onychoides "venus";Форма роста лиана. Растение нуждается в опоре. Темп роста быстрый. Листья суккулентные, тёмно-зелёные, ланцетно-овальные, длиной до 12,5 см и шириной 5 см. Теплолюбивая хойя. Нуждается в ярком освещении без прямых солнечных лучей. Полив умеренный.Цветы крупные 4-5 см, приятно пахнут.;100;Цена указана за один укоренённый узел. Возможно приобретение сорта в виде свежесрезанного черенка. Цену на срезку уточняйте ;onychoides.jpg;onychoides_venus.jpg
;Hoya Pachyclada Pink Corona;Форма роста куст/лиана. Растение нуждается в опоре. Листья почти круглые, у основания клиновидные или несколько округленные, от 7 до 10 см длиной, от 5 до 6 см шириной, широкие, плотные, кожистые.  В зонтике собрано до 20 цветков, которые распространяют сильный сладковатый парфюмный запах. Освещение: любит солнечное месторасположению. К поливу следует относиться очень осторожно - эта хойя должна содержаться довольно сухо;-;временно нет;pachyclada_pink.jpg;pachyclada_pink.jpg
;Hoya Pachyclada Red Corona;Форма роста куст/лиана. Растение нуждается в опоре. Листья почти круглые, у основания клиновидные или несколько округленные, от 7 до 10 см длиной, от 5 до 6 см шириной, широкие, плотные, кожистые.  В зонтике собрано до 20 цветков, которые распространяют сильный сладковатый парфюмный запах. Освещение: любит солнечное месторасположению. К поливу следует относиться очень осторожно - эта хойя должна содержаться довольно сухо;85;Цена указана за один укоренённый узел. Возможно приобретение сорта в виде свежесрезанного черенка. Цену на срезку уточняйте ;pachyclada.jpg;pachyclada_red.jpg
;Hoya Pachyclada variegated;Форма роста куст/лиана. Растение нуждается в опоре. Листья почти круглые,центр окрашен в кремово-жёлтый цвет, от 7 до 10 см длиной, от 5 до 6 см шириной, широкие, плотные, кожистые.  В зонтике собрано до 20 цветков, которые распространяют сильный сладковатый парфюмный запах. Освещение: любит солнечное месторасположению. К поливу следует относиться очень осторожно - эта хойя должна содержаться довольно сухо;300;Цена указана за один укоренённый узел. Возможно приобретение сорта в виде свежесрезанного черенка. Цену на срезку уточняйте ;pachyclada_var.jpg;pachyclada_white.jpg
;Hoya Parasitica Lao;Форма роста лиана. Растение нуждается в опоре. Темп роста быстрый. Листья овальные, с овальной или заостренной верхушкой,зелёные мясистые густо покрыты серебрянным крапом, до 10 см длиной и 4 см шириной. ветки белые с карминно-красной коронкой, диаметром около 1 см, с сильным ароматом. Освещение: яркий свет с попаданием прямых солнечных лучей.  Подходит для новичка.;75;Цена указана за один укоренённый узел. Возможно приобретение сорта в виде свежесрезанного черенка. Цену на срезку уточняйте ;parasitica_lao.jpg;parasitica_lao.jpg
;Hoya Patella pink;Форма роста лиана. Растение нуждается в опоре. Темп роста средний. Листья продолговато-овальные, со слегка заостренным кончиком, 6,5 - 9 см длиной, 2,7 - 3,4 см шириной. Нижняя сторона и черешки листьев опушенные. Венчик цветка широкий, колокольчатой формы, приблизительно 3 см в диаметре, окрашен в насышено розовый или розово-персиковый цвет. Не терпит просушки грунта. нуждается в ярком освещении без прямых солнечных лучей. ;100;Цена указана за один укоренённый узел. Возможно приобретение сорта в виде свежесрезанного черенка. Цену на срезку уточняйте ;patella.jpg;patella_pink.jpg
;Hoya Patella white;Форма роста лиана. Растение нуждается в опоре. Темп роста средний. Листья продолговато-овальные, со слегка заостренным кончиком, 6,5 - 9 см длиной, 2,7 - 3,4 см шириной. Нижняя сторона и черешки листьев опушенные. Венчик цветка широкий, колокольчатой формы, приблизительно 3 см в диаметре, кремово-белого цвета. Не терпит просушки грунта. нуждается в ярком освещении без прямых солнечных лучей. ;85;Цена указана за один укоренённый узел. Возможно приобретение сорта в виде свежесрезанного черенка. Цену на срезку уточняйте ;patella.jpg;patella_white.jpg
;Hoya Pauciflora;Форма роста лиана/ампель. Темп роста средний. Длина листа варьируются 3-9 см, ширина не более 1 см. Цветки практически белые, корона темная, диаметр цветов от 2,5 до 4 см. ;60;Цена указана за  укоренённый черенок в три узла. Возможно приобретение сорта в виде свежесрезанного черенка. Цену на срезку уточняйте ;pauciflora.jpg;pauciflora.jpg
;Hoya Pentaphlebia;Форма роста лиана. Растение нуждается в опоре. Темп роста выше среднего. Листья большие 8 - 16 см длиной и 6 - 9 см шириной, широко-овальные, глянцевые. Гладкие цветочные зонтики состоят из 25-35 желтых цветов 7 - 8 мм в диаметре. Рекомендуется для новичков.;60;Цена указана за один укоренённый узел. Возможно приобретение сорта в виде свежесрезанного черенка. Цену на срезку уточняйте ;pentaphlebia.jpg;pentaphlebia.jpg
;Hoya Pimenteliana;Форма роста лиана. Растение нуждается в опоре. Темп роста быстрый. Линейно-ланцетные листья различны по окраске, длина 6 – 10 см, ширина 2,5 – 3см. Верхняя сторона бархатисто опушена. В полукруглом зонтике раскрывается 5 – 10 цветков. Цветы приятно пахнут.;50;Цена указана за один укоренённый узел. Возможно приобретение сорта в виде свежесрезанного черенка. Цену на срезку уточняйте ;pimenteliana.jpg;pimenteliana.jpg
;Hoya Platycaulis;новинка! Форма роста куст. Тонколистная хойка. Не терпит пересушки, требует повышенной влажности воздуха. Любит яркое освещение. От прямых лучей нужно притенять. Хорошо растёт на восточном окне. Цветы имеют приятный аромат. Рекомендуется хоеману с опытом :);400;временно нет;platycaulis.jpg;platycaulis.jpg
;Hoya Polyneura Broget;Форма роста поникающий куст/ампель. Темп роста средний. Листья очень красивой ромбовидной формы с сине-зелеными жилками. Зацветает рано. Предпочитает прохладное содержание, умеренный полив.;70;Цена указана за один укоренённый узел. Возможно приобретение сорта в виде свежесрезанного черенка. Цену на срезку уточняйте ;polyneura_b.jpg;polyneura.jpg
;Hoya Praetorii;Форма роста куст. Темп роста выше среднего. Листья большие, приблизительно 20см длиной и 9см шириной, тонкие, гладкие, темно-зеленые с редким серебристым крапом.В цветочном зонтике открывается 15-20 цветков ярко-оранжевого цвета, вокруг короны они покрыты густыми белыми волосками. Корона бежево-винно-красная. Лепестки цветков отогнуты назад. Высота цветка  1.4 см. Аромат слабый. Для благополучного роста и цветения необходимо больше воды и удобрений.;150;Цена указана за один укоренённый узел. Возможно приобретение сорта в виде свежесрезанного черенка. Цену на срезку уточняйте ;praetorii.jpg;praetorii.jpg
;Hoya Pubicalyx "Black Dragon";Форма роста лиана. Растение нуждается в опоре.Темп роста быстрый. Листья мясистые, кожистые, гладкие, продолговатые или продолговато-овальные, 10 - 14 см длиной, 3 - 6 см шириной. Цветочные зонтики состоят из 30 цветков, 8 - 9 см в диаметре. Цветы ароматные , практически чёрного цвета.;120;Цена указана за один укоренённый узел. Возможно приобретение сорта в виде свежесрезанного черенка. Цену на срезку уточняйте ;pubicalyx_b_d.jpg;pubicalyx_b_d.jpg
;Hoya Pubicalyx "Chimera";Форма роста лиана. Растение нуждается в опоре. Темп роста быстрый. Может иметь различно окрашенные листья, густо покрытые серебристым крапом, молоодые плети и листья окрашены в багряный. Окраска цветов случайна как в пределах одного растения, так и в пределах одного цветочного зонтика: от очень темных, почти черных оттенков, до ярко-малиновых или насыщенно-розовых.;90;Цена указана за один укоренённый узел. Возможно приобретение сорта в виде свежесрезанного черенка. Цену на срезку уточняйте ;pubicalyx_chimera.jpg;pubicalyx_chimera.jpg
;Hoya Pubicalyx cv. "Royal Hawaiian Purple";Форма роста лиана. Растение нуждается в опоре. Темп роста быстрый. Листва глянцевая, густо покрытая серебристым крапом,молодые побеги и листья окрашены в багрянистый оттенок. Цветы имеют, переход цвета от красного до бордового.;85;Цена указана за один укоренённый узел. Возможно приобретение сорта в виде свежесрезанного черенка. Цену на срезку уточняйте ;pubicalyx_r_h_p.jpg;pubicalyx_r_h_p.jpg
;Hoya Pubicalyx Fresno Beauty;Форма роста лиана. Растение нуждается в опоре. Темп роста быстрый. Цветы опушенные, розовые. Листья густо «забрызганы» серебристыми пятнами;100;Цена указана за один укоренённый узел. Возможно приобретение сорта в виде свежесрезанного черенка. Цену на срезку уточняйте ;pubicalyx_f_b.jpg;pubicalyx_f_b.jpg
;Hoya Pubicalyx "Pink Dragon";новинка! Форма роста лиана. Растение нуждается в опоре.;250;Цена указана за один укоренённый узел. Возможно приобретение сорта в виде свежесрезанного черенка. Цену на срезку уточняйте ;pubicalyx_p_dragon.jpg;pubicalyx_p_d.jpg
;Hoya Pubicalyx Red Button;Форма роста лиана. Растение нуждается в опоре. Темп роста быстрый. Листья заостренные, гладкие, светло-зеленые с беспорядочно разбросанными серебристыми пятнами. Цветы собраны в крупный цветочный зонтик, опушенные, насыщенно-красные с серыми волосками. Приятно пахнут.;65;Цена указана за один укоренённый узел. Возможно приобретение сорта в виде свежесрезанного черенка. Цену на срезку уточняйте ;pubicalyx_r_b.jpg;pubicalyx_r_b.jpg
;Hoya Pubicalyx Silver Pink;Форма роста лиана. Растение нуждается в опоре. Темп роста быстрый. Листья длинные, покрыты серебрянным крапом. Предпочитает притенённое место. Цветы красно-розовые, опушённые, ароматные.;45;Цена указана за один укоренённый узел. Возможно приобретение сорта в виде свежесрезанного черенка. Цену на срезку уточняйте ;pub_silver_pink.jpg;pub_silver_pink.jpg
;Hoya Pubicalyx "White Dragon" (Hoya celata );Форма роста лиана. Растение нуждается в опоре. Темп роста ниже среднего. Листья мясистые, кожистые, гладкие, продолговатые или продолговато-овальные, 10 - 14 см длиной, 3 - 6 см шириной. Цветочные зонтики состоят из 30 цветков, 8 - 9 см в диаметре. Цветы ароматные, приблизительно 1.8 см в диаметре. Рекомендуется для начинающих любителей, не составляет сложностей в уходе.;150;Цена указана за один укоренённый узел. Возможно приобретение сорта в виде свежесрезанного черенка. Цену на срезку уточняйте ;pubicalyx_dragon.jpg;pubicalyx_w_d.jpg
;Hoya Purpureofusca;Форма роста лиана. Растение нуждается в опоре. Темп роста вышес среднего. Листья тонкие и жесткие, длиной  от 8 до 16 см и шириной от 4 до 8 см, темно-зеленые с хорошо видными жилками.Цветки в диаметре 1.4 см, венчик красный и корона темно-красная с желтой серединкой. Обычно в зонтике раскрывается 30 цветков. При цветении излучает аромат сладкого меда.;65;Цена указана за один укоренённый узел. Возможно приобретение сорта в виде свежесрезанного черенка. Цену на срезку уточняйте ;purpureofuska.jpg;purpureofuska.jpg
;Hoya Retusa;Форма роста ампель/лиана. Темп роста быстрый. Листья очень тонкие, светло-зеленого цвета, похожие на сосновые иголочки, длиной примерно 6 см и шириной 2 мм. Цветы обычно одиночные. Венчик в форме звезды, диаметром 1,5 см, кончики лепестков треугольные, острые и бархатно покрыты волосками. Корона диаметром 5 мм, оттенок от розового до темно-розового. Запах при цветении практически не ощущается.Полив умеренный.;50;"Цена указана за  укоренённый ""пучок"" узлов. Возможно приобретение сорта в виде свежесрезанного черенка. Цену на срезку уточняйте ";retusa.jpg;retusa.jpg
;Hoya Rigida;;-;Цена указана за один укоренённый узел. Возможно приобретение сорта в виде свежесрезанного черенка. Цену на срезку уточняйте ;rigida.jpg;rigida.jpg
;Hoya Rotundiflora (sp.Square);Форма роста лиана/ампель. Темп роста средний. Листья опушенные, интересной формы. Полив без просушек, освещение без прямого солнца.;45;Цена указана за один укоренённый узел. Возможно приобретение сорта в виде свежесрезанного черенка. Цену на срезку уточняйте ;sp_square.jpg;sp_square.jpg
;Hoya Rubida IML-1725;новинка! Форма роста лиана. Растение нуждается в опоре.;150;Цена указана за один укоренённый узел. Возможно приобретение сорта в виде свежесрезанного черенка. Цену на срезку уточняйте ;rubida.jpg;rubida.jpg
;Hoya Sammannaniana ("Deep Bell");новинка! Форма роста лиана. Растение нуждается в опоре.;450;Цена указана за один укоренённый узел. Возможно приобретение сорта в виде свежесрезанного черенка. Цену на срезку уточняйте ;sp_sabah_sdk_41.jpg;sp_sabah_sdk_41.jpg
;Hoya Shepherdii;Форма роста ампель/лиана. Темп роста выше среднего. Листья узкие, около 10 см,  шириной около 1см. В цветочном зонтике 5-6 цветов нежно розового или сливочного цвета. Очень охотно и обильно цветёт. Рекомендуется новичку.;-;временно нет;shepherdii.jpg;shepherdii.jpg
;Hoya Siamica Craib;Форма роста ампель/лиана. Темп роста выше среднего. Листья 5-7 см длинной и около 2-3 см шириной. Цветение продолжается 7 дней, цветы приятно пахнут. Подходит новичку.;-;-;siamica.jpg;siamica.jpg
;Hoya Siariae Dark Red;Форма роста лиана. Растение нуждается в опоре. Темп роста выше среднего. Листья длиной до 14 см и шириной 3 – 4 см. Винно-красные колокольчатые цветки , словно сделаны из пластмассы, достигают диаметра 1,5 см.  В зонтиках раскрывается 15 – 20 цветков.;150;Цена указана за один укоренённый узел. Возможно приобретение сорта в виде свежесрезанного черенка. Цену на срезку уточняйте ;siariae_d_r.jpg;siariae_d_r.jpg
;Hoya Siariae "Laguna";Форма роста лиана. Растение нуждается в опоре. Темп роста средний. Листья длиной до 14 см и шириной 3 – 4 см. Розово-красные колокольчатые цветки прозрачные, словно сделаны из пластмассы, достигают диаметра 1,5 см.  В зонтиках раскрывается 15 – 20 цветков.;150;Цена указана за один укоренённый узел. Возможно приобретение сорта в виде свежесрезанного черенка. Цену на срезку уточняйте ;siariae_laguna.jpg;siariae_laguna.jpg
;Hoya Sigillatis;Форма роста лиана/ампель.  Темп роста средний. Эллиптические листья достигают 4 – 10 см длины и 2 см ширины.  Почти всю верхнюю сторону листьев покрывают отчётливые серебристые пятна. Листья сверху имеют голубовато-зелёную окраску, при ярком освещении приобретают бронзовый оттенок, снизу они красноватые. Цветки собраны в зонтики по 15 – 20 штук.Оптимальные условия температура 20-25°,полив умеренный, без застоя воды и пересушки.;75;Цена указана за один укоренённый узел. Возможно приобретение сорта в виде свежесрезанного черенка. Цену на срезку уточняйте ;sigillatis.jpg;sigillatis.jpg
;Hoya Sigillatis "Alas River";Форма роста ампель/лиана. Темп роста средний.;-;временно нет;sigillatis_alas_river.jpg;sigillatis_alas_river.jpg
;Hoya Sipitangensis;Форма роста ампель. Темп роста выше среднего. Легкая в культуре хойя. Предпочитает расти ампелем либо стелиться по поверхностям.Зацветает в раннем возрасте. Цветет почти непрерывно. Легко переносит подсушивание субстрата, однако при регулярном поливе чувствует себя лучше.В цветочном зонтике открывается до 30 отдельных цветков.;45;Цена указана за один укоренённый узел. Возможно приобретение сорта в виде свежесрезанного черенка. Цену на срезку уточняйте ;sipitangensis.jpg;sipitangensis.jpg
;Hoya Soidaoensis;Форма роста лиана/ампель. Темп роста выше среднего. Цветы имеют приятный аромат.;-;временно нет;soidaoensis.jpg;soidaoensis.jpg
;Hoya Soligamiana Yellow;Форма роста лиана. Растение нуждается в опоре. Темп роста ниже среднего. Листья длинные, кожистые, на солнце листья краснеют. Цветы неопушенные, цветочный зонтик рыхлый.;120;Цена указана за один укоренённый узел. Возможно приобретение сорта в виде свежесрезанного черенка. Цену на срезку уточняйте ;soligamiana.jpg;soligamiana_y.jpg
;Hoya Spartioides;;-;временно нет;spartioides.jpg;spartioides.jpg
;Hoya Subglabra;Форма роста лиана. Растение нуждается в опоре.;40;Цена указана за один укоренённый узел. Возможно приобретение сорта в виде свежесрезанного черенка. Цену на срезку уточняйте ;subglabra.jpg;subglabra.jpg
;Hoya Sussuela;;-;временно нет;sussuela.jpg;sussuela.jpg
;Hoya Sweet Scent;Форма роста лиана. Растение нуждается в опоре.;85;Цена указана за один укоренённый узел. Возможно приобретение сорта в виде свежесрезанного черенка. Цену на срезку уточняйте ;sweet_scent.jpg;sweet_scent.jpg
;Hoya Telosmoides;новинка! Форма роста лиана. Растение нуждается в опоре. Листья темно-зеленые, тонкие, кожистые, продолговато-удлиненные, длиной 10-17 см, шириной 4-5,5 см.  В колокольчатом цветочном зонтике открывается 10-15 колокольчатой формы цветков зеленовато-желтоватого цвета. Размер цветка около 2 см. Кончики лепестков острые, коронка практически не видна. Цветки держатся более 3 недель и распространяют сильный приятный запах. Нуждается в притенении, полив без просушек.;-;временно нет;telosmoides.jpg;telosmoides.jpg
;Hoya Thailandica;новинка! Форма роста лиана. Растение нуждается в опоре. Темп роста средний.Листья плотные, около 5 см, не опушенные. ;-;временно нет;thailandica.jpg;thailandica.jpg
;Hoya Thomsonii;Форма роста лиана/смпель. Листья овальные, темно-зеленые, с серебристым крапом, бархатисто опушенные, 6-10 см длиной, 3-4 см шириной. Цветочные зонтики состоят из 10-20, иногда из 30 цветков. Цветы опушенные, 2 см в диаметре, кристаллически-белые, с пряным ароматом.Цветение длится приблизительно до 10 дней, обладают сильным ароматом жасмина.Прохладное содержание способствует хорошему росту и цветению.;45;Цена указана за один укоренённый узел. Возможно приобретение сорта в виде свежесрезанного черенка. Цену на срезку уточняйте ;thomsonii.jpg;thomsonii.jpg
;Hoya Thomsonii EPC-169 pink flowers;новинка! Форма роста лиана/ампель. ;-;временно нет;thomsonii_pink.jpg;thomsonii_pink.jpg
;Hoya Vertivulata albomarginata;Форма роста лиана. Растение нуждается в опоре. Темп роста быстрый. Листья плотные,зелёные по краю имеют золотистую или белую полосу.Цветы не чисто белые, цвет короны белый от красно-желтого центра. Цветение длится приблизительно 4 дня. Прекрасно растёт в притенении.;-;временно нет;verticulata_alba.jpg;verticulata.jpg
;Hoya Vertivulata yellow variegated;Форма роста лиана. Растение нуждается в опоре. Темп роста средний. Листья длинные около 6-11cм и шириной 3-4см, центр окрашен в лимонно жёлтый цвет. Цветы блестящие, зеленовато-желтые с красным центром, в шаровидном соцветии может насчитываться до 50 цветков, размером около 1,5 см. Цветки держатся около 5 дней и обладают приятным цитрусовым или мятным ароматом.;100;Цена указана за один укоренённый узел. Возможно приобретение сорта в виде свежесрезанного черенка. Цену на срезку уточняйте ;verticulata_y.jpg;verticulata_var.jpg
;Hoya Vitellina splash;Форма роста лиана. Растение нуждается в опоре. Темп роста быстрый. Удлиненно-яйцевидные листья очень мясистые, жесткие и кожистые, у основания закругленные, по краю окрашены темным кантом. Весь лист покрыт серебристыми сплешками. Нуждается в ярком освещении без прямых солнечных лучей. Цветочный зонтик с 20-25 цветками. Опушенные цветки диаметром 1 см желто-розового цвета.;120;Цена указана за один укоренённый узел. Возможно приобретение сорта в виде свежесрезанного черенка. Цену на срезку уточняйте ;vitellina_splash.jpg;vitellina_splash.jpg
;Hoya Vitellinoides;Форма роста лиана. Растение нуждается в опоре. Темп роста выше среднего. Существует много форм, которые могут отличаться размеров листьев и жилкованием.Лист развернутый, с волнистыми краями, овальный с заостренным кончиком, основание тупое, с большой центральной жилкой, жесткий. Любит освещенное содержание с притенением от прямых солнечных лучей, температура средняя, +20 - +25С, зимой не ниже +16С. Полив умеренный.;120;Цена указана за один укоренённый узел. Возможно приобретение сорта в виде свежесрезанного черенка. Цену на срезку уточняйте ;vitellinoides.jpg;vitellinoides.jpg
;Hoya Vitiensis;Форма роста лиана. Растение нуждается в опоре. Темп роста быстрый. Листья тонкие, травянисто-зеленые, 8-11 см длиной и 3-4 см шириной.  Цветы серовато-пурпурного окраса, плоские, 1,5-2,0 см диаметром, кончики лепестков венчика отгибаются назад, корона бледно-желтого цвета с красным центром. Нуждается в повышенной влажности, теплолюбива. Цветы приятно пахнут.;75;Цена указана за один укоренённый узел. Возможно приобретение сорта в виде свежесрезанного черенка. Цену на срезку уточняйте ;vitiensis.jpg;vitiensis.jpg
;Hoya Vitiensis yellow form;Форма роста лиана. Растение нуждается в опоре. Темп роста быстрый. Листья тонкие, травянисто-зеленые, 8-11 см длиной и 3-4 см шириной.  Цветы насыщенно жёлтого цвета, плоские, 1,5-2,0 см диаметром, кончики лепестков венчика отгибаются назад, корона бледно-желтого цвета с красным центром. Нуждается в повышенной влажности, теплолюбива. Цветы приятно пахнут.;100;Цена указана за один укоренённый узел. Возможно приобретение сорта в виде свежесрезанного черенка. Цену на срезку уточняйте ;vitiensis_yellow.jpg;vitiensis_yellow.jpg
;Hoya Walliniana UT-152;Форма роста лиана. Растение нуждается в опоре.;50;Цена указана за один укоренённый узел. Возможно приобретение сорта в виде свежесрезанного черенка. Цену на срезку уточняйте ;walliniana_ut_152.jpg;walliniana_ut_152.jpg
;Hoya Waymaniae splash;;-;временно нет;waymaniae_splash.jpg;e.jpg
;Hoya Wibergiae;Форма роста лиана. Растение нуждается в опоре. Листья супротивные, овальные, слегка изогнуты вдоль длины, с острым кончиком, 6,5 см - 11,0 см длиной, 4,2 см шириной. Поверхность гладкая, покрыта  серебрянным крапом,при хорошем освещении он приобретает розовый цвет.Средняя температура содержания 22-24°С. Яркий, рассеянный свет, с некоторой долей прямых солнечных лучей;80;Цена указана за один укоренённый узел. Возможно приобретение сорта в виде свежесрезанного черенка. Цену на срезку уточняйте ;wibergiae.jpg;wibergiae.jpg
;Hoya  EPC 600;Форма роста лиана. Растение нуждается в опоре. Темп роста быстрый. Листья кожистые, темно-зеленые с красивыми сплешками.Количества крапа зависит от яркости освещения. Нуждается в притенении от прямых солнечных лучей.;100;Цена указана за один укоренённый узел. Возможно приобретение сорта в виде свежесрезанного черенка. Цену на срезку уточняйте ;epc_600.jpg;epc_600.jpg
;Hoya  HSI-037;Форма роста лиана. Растение нуждается в опоре.;70;Цена указана за один укоренённый узел. Возможно приобретение сорта в виде свежесрезанного черенка. Цену на срезку уточняйте ;hsi_037.jpg;hsi_037.jpg
;Hoya  sp. GPS 7-35;Форма роста лиана/ампель. Темп роста средний. Листья около 3 см, опушенные с редким серебрянным крапом. Цветы пушистые, необычного сиренево-фиолетового цветафиолетового  цвета.;-;временно нет;sp_gps_7_35.jpg;sp_gps_7_35.jpg
;Hoya cf. Acuta yellow flowers EPC-271;Форма роста лиана. Растение нуждается в опоре. Темп роста быстрый. Листья довольно крупные, глянцевые, покрыты частым серебряным крапом, сплешики крупные.;100;Цена указана за один укоренённый узел. Возможно приобретение сорта в виде свежесрезанного черенка. Цену на срезку уточняйте ;acuta_yellow_flower.jpg;acuta_yellow_flower.jpg
;Hoya cv. Iris Marie;Форма роста лиана/куст. Растение нуждается в опоре. Темп роста быстрый. Листья с длинным заострённым кончиком, молодые листья бронзовые. Цветы ароматные, около 2,5 см в диаметре. Цветёт часто. Полив умеренный. Освещение без прямого солнца. Подходит новичку.;-;временно нет;cv_iris_marie.jpg;cv_iris_marie.jpg
;Hoya cv. Kaimuki;Форма роста лиана. Растение нуждается в опоре.;200;Цена указана за один укоренённый узел. Возможно приобретение сорта в виде свежесрезанного черенка. Цену на срезку уточняйте ;cv_kaimuki.jpg;cv_kaimuki.jpg
;Hoya cv. Minibelle;Форма роста лиана/ампель. Темп роста ниже среднего. Листья темно-зеленые, гладкие и почти полностью залиты серебрянным крапом. Нуждается в  ярком освещении без прямых солнечных лучей.;50;Цена указана за один укоренённый узел. Возможно приобретение сорта в виде свежесрезанного черенка. Цену на срезку уточняйте ;cv_minibelle.jpg;cv_minibelle.jpg
;Hoya cv. Minibelle splash;Форма роста лиана/ампель. Темп роста ниже среднего. Листья темно-зеленые, гладкие, обильно залиты густым серебряным крапом. Нуждается в  ярком освещении без прямых солнечных лучей. Не любит просушки. Рекомендуется новичкам;300;Цена указана за один укоренённый узел. Возможно приобретение сорта в виде свежесрезанного черенка. Цену на срезку уточняйте ;cv_minibelle_splash.jpg;cv_minibelle.jpg
;Hoya cv. Rebecca;Форма роста лиана. Растение нуждается в опоре.;30;Цена указана за  укоренённый черенок в два узла Возможно приобретение сорта в виде свежесрезанного черенка. Цену на срезку уточняйте ;cv_rebecca.jpg;cv_rebecca.jpg
;Hoya cv. Sunrise splash;Форма роста лиана/ампель. Темп роста средний. Листья около 5 см, покрыты частыми серебряными брызгами. На активном солнце и под лампами, приобретают красивый бронзовый загар. Подходит новичку.;-;временно нет;cv_sunrise_splash.jpg;cv_sunrise_splash.jpg
;Hoya cv.Golden Eyes;Форма роста лиана. Растение нуждается в опоре.;150;Цена указана за один укоренённый узел. Возможно приобретение сорта в виде свежесрезанного черенка. Цену на срезку уточняйте ;cv_golden_eyes.jpg;cv_golden_eyes.jpg
;Hoya cv.Joy ;Форма роста лиана. Растение нуждается в опоре.;100;Цена указана за один укоренённый узел. Возможно приобретение сорта в виде свежесрезанного черенка. Цену на срезку уточняйте ;cv_joy.jpg;cv_joy.jpg
;Hoya cv.Mathilda splash;Форма роста лиана/ампель. Темп роста быстрый. Миниатюрная хойя. Листья плотные. Хорошо отзывается на повышенную влажность воздуха. Полив умеренный. Нуждается в ярком освещении с некоторым количеством прямых солнечных лучей. При хорошем освещении листья полностью серебряные. Цветы приятно пахнут. Подходит новичку.;150;Цена указана за один укоренённый узел. Возможно приобретение сорта в виде свежесрезанного черенка. Цену на срезку уточняйте ;cv_mathilde_splash.jpg;cv_mathilde.jpg
;Hoya cv.Mathilde;Форма роста лиана/ампель. Темп роста быстрый. Миниатюрная хойя. Листья плотные. Хорошо отзывается на повышенную влажность воздуха. Освещение яркое. Цветы приятно пахнут. Подходит новичку. ;30;Цена указана за один укоренённый узел. Возможно приобретение сорта в виде свежесрезанного черенка. Цену на срезку уточняйте ;cv_mathilde.jpg;cv_mathilde.jpg
;Hoya cv.Viola;Форма роста лиана. Растение нуждается в опоре. Темп роста быстрый. Листья довольно крупыне, кожистые,насыщенно-зелёного цвета, с контрастными жилками. Форма листьев довольно интересная - на кончике есть заострение. Растение не прихотливо. Подходит новичку;55;Цена указана за один укоренённый узел. Возможно приобретение сорта в виде свежесрезанного черенка. Цену на срезку уточняйте ;cv_viola.jpg;cv_viola.jpg
;Hoya ir-26;Форма роста лиана/ампель.  Темп роста быстрый. Миниатюрная хойа. Листья округлые, около 3 см. При ярком освещении листья становятся насыщенно красными, обильно покрыты серебряным крапом. Любит повышенную влажность. Полив без пересушек. Подходит начинающему.;50;Цена указана за один укоренённый узел. Возможно приобретение сорта в виде свежесрезанного черенка. Цену на срезку уточняйте ;ir_26.jpg;ir_26.jpg
;Hoya sp. (DML-5655B)or (IML-1398);Форма роста лиана. Растение нуждается в опоре.;200;Цена указана за один укоренённый узел. Возможно приобретение сорта в виде свежесрезанного черенка. Цену на срезку уточняйте ;dml_5655.jpg;dml_5655.jpg
;Hoya sp. (NS 05-213);новинка! Форма роста лиана. Растение нуждается в опоре.;150;Цена указана за один укоренённый узел. Возможно приобретение сорта в виде свежесрезанного черенка. Цену на срезку уточняйте ;sp_ns_05_213.jpg;sp_ns_05_213.jpg
;Hoya sp. (PNG SV-422);Форма роста лиана. Растение нуждается в опоре. Темп роста быстрый. Листья кожистые. Молодая порасль имеет бронзовый оттенок.  Не прихотливый сорт. Подходит новичку;40;Цена указана за один укоренённый узел. Возможно приобретение сорта в виде свежесрезанного черенка. Цену на срезку уточняйте ;cv_422_png.jpg;cv_422_png.jpg
;Hoya sp. (UT-001);Форма роста лиана. ;-;временно нет;sp_ut_001.jpg;sp_ut_001.jpg
;Hoya sp. 19 Germany;Форма роста лиана. Растение нуждается в опоре.;75;Цена указана за один укоренённый узел. Возможно приобретение сорта в виде свежесрезанного черенка. Цену на срезку уточняйте ;sp_germany.jpg;sp_germany.jpg
;Hoya sp. aff. benguetensis Palawan;Форма роста лиана. Растение нуждается в опоре.;85;Цена указана за один укоренённый узел. Возможно приобретение сорта в виде свежесрезанного черенка. Цену на срезку уточняйте ;sp_aff_benguetensis_palawan.jpg;sp_aff_benguetensis_palawan.jpg
;Hoya sp. aff. Vitellina;Форма роста лиана. Растение нуждается в опоре. Темп роста выше среднего. Листья около 10-12см, овальные, покрыты крупным серебряным крапом. ;-;временно нет;sp_aff_vitellina.jpg;sp_aff_vitellina.jpg
;Hoya sp. aff.Clemensiorum (IML-1020);Форма роста лиана. Растение нуждается в опоре.;300;Цена указана за один укоренённый узел. Возможно приобретение сорта в виде свежесрезанного черенка. Цену на срезку уточняйте ;clemensiorum_1020.jpg;clemensiorum.jpg
;Hoya sp. aff.Flagellata;;200;Цена указана за один укоренённый узел. Возможно приобретение сорта в виде свежесрезанного черенка. Цену на срезку уточняйте ;sp_aff_flagellata.jpg;flagellata.jpg
;Hoya sp. Borneo Gunung Gading;Форма роста лиана. Растение нуждается в опоре.;200;Цена указана за один укоренённый узел. Возможно приобретение сорта в виде свежесрезанного черенка. Цену на срезку уточняйте ;sp_borneo_gunung_gading.jpg;sp_gunung_gading.jpg
;Hoya sp. Borneo UT168;Форма роста лиана. Растение нуждается в опоре.;100;Цена указана за один укоренённый узел. Возможно приобретение сорта в виде свежесрезанного черенка. Цену на срезку уточняйте ;sp_borneo_ut168.jpg;sp_borneo_ut168.jpg
;Hoya sp. Davao Philippines 903122 Estrella waterfall GPS 10068;Форма роста лиана. Растение нуждается в опоре.;100;Цена указана за один укоренённый узел. Возможно приобретение сорта в виде свежесрезанного черенка. Цену на срезку уточняйте ;gps_10068.jpg;gps_10068.jpg
;Hoya sp. EKW97-005 Chicken Farm;Форма роста лиана. Растение нуждается в опоре.;150;Цена указана за один укоренённый узел. Возможно приобретение сорта в виде свежесрезанного черенка. Цену на срезку уточняйте ;sp_ekw_97_005.jpg;sp_chicken_farm.jpg
;Hoya sp. EKW97-005 Chicken Farm high splash leaves;Форма роста лиана. Растение нуждается в опоре.;200;Цена указана за один укоренённый узел. Возможно приобретение сорта в виде свежесрезанного черенка. Цену на срезку уточняйте ;sp_ekw_97_005_h_s_l.jpg;sp_chicken_farm.jpg
;Hoya sp. EPC - 301;Форма роста лиана. Растение нуждается в опоре.;60;Цена указана за один укоренённый узел. Возможно приобретение сорта в виде свежесрезанного черенка. Цену на срезку уточняйте ;epc_301.jpg;epc_301.jpg
;Hoya sp. Ovalau Island;новинка! Форма роста лиана. Растение нуждается в опоре. Темп роста быстрый. Листья кожистые, около 4 см. Полив без пересушек. Освещение без прямых солнечных лучей.;120;Цена указана за один укоренённый узел. Возможно приобретение сорта в виде свежесрезанного черенка. Цену на срезку уточняйте ;sp_ovalau_island.jpg;sp_ovalau_island.jpg
;Hoya sp. Perak;Форма роста лиана. Растение нуждается в опоре.;250;Цена указана за один укоренённый узел. Возможно приобретение сорта в виде свежесрезанного черенка. Цену на срезку уточняйте ;sp_perak.jpg;unknown_pic.jpg
;Hoya sp. Perak (Malaysia) SR 2010-003("Teddy bear");Форма роста лиана. Растение нуждается в опоре.;300;Цена указана за один укоренённый узел. Возможно приобретение сорта в виде свежесрезанного черенка. Цену на срезку уточняйте ;sp_perak_t_b.jpg;sp_perak_t_b.jpg
;Hoya sp. Sabah CR-24 (sp. linus);новинка! Форма роста лиана. Растение нуждается в опоре. Темп роста быстрый. Не любит пересушки, хорошо отзывается на чатсые опрсыкивания. Освещение без прямых солнечных лучей. Охотно и обтильно цветёт.;-;временно нет;sp_linus.jpg;sp_linus.jpg
;Hoya sp. Sabah TOC "D" (Hoya forbesii sp. aff.);новинка! Форма роста лиана. Растение нуждается в опоре.;250;Цена указана за один укоренённый узел. Возможно приобретение сорта в виде свежесрезанного черенка. Цену на срезку уточняйте ;sp_af_forbessii_ut012.jpg;sp_af_forbessii_ut012.jpg
;Hoya sp. Sarawak from Borneo;новинка! Форма роста лиана. Растение нуждается в опоре.;900;Цена указана за один укоренённый узел. Возможно приобретение сорта в виде свежесрезанного черенка. Цену на срезку уточняйте ;sarawak_borneo.jpg;sarawak_borneo.jpg
;Hoya sp. SR-2009-005 from Malaysia;;-;Цена указана за один укоренённый узел. Возможно приобретение сорта в виде свежесрезанного черенка. Цену на срезку уточняйте ;sp_sr_2009_005.jpg;sp_sr_2009_005.jpg
;Hoya sp.623 Pahang Malaysia;Форма роста лиана. Растение нуждается в опоре. Темп роста средний. Листья около 8-10см, кожистые, с редким серебрянным крапом. ;-;временно нет;pahang_malaysia.jpg;pahang_malaysia.jpg
;Hoya sp.aff.Forbesii;Форма роста лиана. Растение нуждается в опоре. Темп роста выше среднего.  Листья кожистые, фактурные.  Покрыты частым серебряным крапом. При яром освещении крап становится розовым. Любит яркий рассеяный свет. Подходит начинающему.;200;Цена указана за один укоренённый узел. Возможно приобретение сорта в виде свежесрезанного черенка. Цену на срезку уточняйте ;sp_aff_forbesii.jpg;forbesii.jpg
;Hoya sp.Bagor;Форма роста лиана. Растение нуждается в опоре.;30;Цена указана за один укоренённый узел. Возможно приобретение сорта в виде свежесрезанного черенка. Цену на срезку уточняйте ;sp_bogor.jpg;sp_bogor.jpg
;Hoya sp.Biakensis;Форма роста лиана. Растение нуждается в опоре.;-;временно нет;sp_biakensis.jpg;sp_biakensis.jpg
;Hoya sp.ds 70 variegated;Форма роста лиана. Растение нуждается в опоре.;-;временно нет;sp_ds_70_var.jpg;sp_ds_70_var.jpg
;Hoya sp.Estrella Waterfall;Форма роста лиана. Растение нуждается в опоре.;150;Цена указана за один укоренённый узел. Возможно приобретение сорта в виде свежесрезанного черенка. Цену на срезку уточняйте ;sp_estrella_waterfall.jpg;sp_estrella_waterfall.jpg
;Hoya sp.ETS - 10;Форма роста лиана/ампель. Темп роста выше среднего. Миниатюрная хойка. Листья около 3см, округлые. При хорошем освещении практически полностью покрыты белым крапом. Полив без пересушек. Опрыскивания. Освещение яркое, без прямого солнца. Подходит новичку.;40;Цена указана за один укоренённый узел. Возможно приобретение сорта в виде свежесрезанного черенка. Цену на срезку уточняйте ;ets_10.jpg;unknown_pic.jpg
;Hoya sp.Gunung Gading;Форма роста лиана. Растение нуждается в опоре.;200;Цена указана за один укоренённый узел. Возможно приобретение сорта в виде свежесрезанного черенка. Цену на срезку уточняйте ;sp_gunung_gading.jpg;sp_gunung_gading.jpg
;Hoya sp.Kalimantan;Форма роста лиана. Растение компактное, листья светло-зеленые небольшие, овальные, с острым кончиком на конце. Повехность листа покрыта контрастным рисунком;150;Цена указана за один укоренённый узел. Возможно приобретение сорта в виде свежесрезанного черенка. Цену на срезку уточняйте ;sp_kalimantan.jpg;sp_kalimantan.jpg
;Hoya sp.Phu Wua;Форма роста лиана. Растение нуждается в опоре.;200;Цена указана за один укоренённый узел. Возможно приобретение сорта в виде свежесрезанного черенка. Цену на срезку уточняйте ;sp_phu_wua.jpg;sp_phu_wua.jpg
;Hoya sp.Sabah GPS-7950;Форма роста лиана. Растение нуждается в опоре.;85;Цена указана за один укоренённый узел. Возможно приобретение сорта в виде свежесрезанного черенка. Цену на срезку уточняйте ;sabah_7950.jpg;unknown_pic.jpg
;Hoya sp.UT-033;Форма роста лиана. Растение нуждается в опоре.;150;Цена указана за один укоренённый узел. Возможно приобретение сорта в виде свежесрезанного черенка. Цену на срезку уточняйте ;sp_ut_033.jpg;sp_ut_033.jpg
;Hoya sp.UT-039  Flores Island;Форма роста лиана. Растение нуждается в опоре. Цветы ароматные,  около 1 см в диаметре, собраны в корзинку.;120;Цена указана за один укоренённый узел. Возможно приобретение сорта в виде свежесрезанного черенка. Цену на срезку уточняйте ;sp_ut_039.jpg;sp_ut_039.jpg
;Hoya sp.UT-049;Форма роста лиана. Растение нуждается в опоре. Листья очень красивые, шелковистые, в частый серебряный крап. Полив без просушек, частые опрсыкивания. Освещение яркое, с некоторым количеством прямого солнца.;-;временно нет;sp_ut_049.jpg;sp_ut_049.jpg
;Нoya sp.UT-017;;-;временно нет;sp_ut_017.jpg;sp_ut_017.jpg
